data/Q2/after_1, 000015, 298, 300, SHVR, 116, 20, 5.800000, ZIC, 0, 20, 0.000000, ZIP, 0, 20, 0.000000, 
data/Q2/after_1, 000015, 298, 320, SHVR, 116, 20, 5.800000, ZIC, 135, 20, 6.750000, ZIP, 65, 20, 3.250000, 
data/Q2/after_1, 000015, 298, 302, SHVR, 186, 20, 9.300000, ZIC, 135, 20, 6.750000, ZIP, 111, 20, 5.550000, 
data/Q2/after_1, 000015, 298, 319, SHVR, 186, 20, 9.300000, ZIC, 192, 20, 9.600000, ZIP, 158, 20, 7.900000, 
data/Q2/after_1, 000015, 300, 319, SHVR, 195, 20, 9.750000, ZIC, 318, 20, 15.900000, ZIP, 158, 20, 7.900000, 
data/Q2/after_1, 000015, 301, 319, SHVR, 201, 20, 10.050000, ZIC, 318, 20, 15.900000, ZIP, 237, 20, 11.850000, 
data/Q2/after_1, 000015, 301, 320, SHVR, 241, 20, 12.050000, ZIC, 453, 20, 22.650000, ZIP, 237, 20, 11.850000, 
data/Q2/after_1, 000015, 302, 320, SHVR, 303, 20, 15.150000, ZIC, 591, 20, 29.550000, ZIP, 237, 20, 11.850000, 
data/Q2/after_1, 000015, 301, 320, SHVR, 415, 20, 20.750000, ZIC, 653, 20, 32.650000, ZIP, 237, 20, 11.850000, 
data/Q2/after_1, 000016, 301, 340, SHVR, 415, 20, 20.750000, ZIC, 653, 20, 32.650000, ZIP, 343, 20, 17.150000, 
data/Q2/after_1, 000016, 330, 340, SHVR, 482, 20, 24.100000, ZIC, 781, 20, 39.050000, ZIP, 343, 20, 17.150000, 
data/Q2/after_1, 000017, 334, 339, SHVR, 555, 20, 27.750000, ZIC, 825, 20, 41.250000, ZIP, 343, 20, 17.150000, 
data/Q2/after_1, 000017, 334, 339, SHVR, 624, 20, 31.200000, ZIC, 893, 20, 44.650000, ZIP, 343, 20, 17.150000, 
data/Q2/after_1, 000017, 337, 340, SHVR, 841, 20, 42.050000, ZIC, 893, 20, 44.650000, ZIP, 343, 20, 17.150000, 
data/Q2/after_1, 000017, 335, 340, SHVR, 865, 20, 43.250000, ZIC, 935, 20, 46.750000, ZIP, 343, 20, 17.150000, 
data/Q2/after_1, 000017, 335, 342, SHVR, 865, 20, 43.250000, ZIC, 976, 20, 48.800000, ZIP, 343, 20, 17.150000, 
data/Q2/after_1, 000019, 337, 342, SHVR, 879, 20, 43.950000, ZIC, 1029, 20, 51.450000, ZIP, 343, 20, 17.150000, 
data/Q2/after_1, 000019, 336, 342, SHVR, 879, 20, 43.950000, ZIC, 1029, 20, 51.450000, ZIP, 500, 20, 25.000000, 
data/Q2/after_1, 000022, 336, 339, SHVR, 879, 20, 43.950000, ZIC, 1081, 20, 54.050000, ZIP, 501, 20, 25.050000, 
data/Q2/after_1, 000023, 336, 338, SHVR, 879, 20, 43.950000, ZIC, 1112, 20, 55.600000, ZIP, 503, 20, 25.150000, 
data/Q2/after_1, 000023, 336, 338, SHVR, 879, 20, 43.950000, ZIC, 1132, 20, 56.600000, ZIP, 540, 20, 27.000000, 
data/Q2/after_1, 000023, 336, 359, SHVR, 879, 20, 43.950000, ZIC, 1233, 20, 61.650000, ZIP, 557, 20, 27.850000, 
data/Q2/after_1, 000030, 334, 374, SHVR, 952, 20, 47.600000, ZIC, 1305, 20, 65.250000, ZIP, 557, 20, 27.850000, 
data/Q2/after_1, 000030, 334, 339, SHVR, 968, 20, 48.400000, ZIC, 1305, 20, 65.250000, ZIP, 647, 20, 32.350000, 
data/Q2/after_1, 000030, 335, 339, SHVR, 1050, 20, 52.500000, ZIC, 1305, 20, 65.250000, ZIP, 682, 20, 34.100000, 
data/Q2/after_1, 000030, 331, 338, SHVR, 1126, 20, 56.300000, ZIC, 1305, 20, 65.250000, ZIP, 795, 20, 39.750000, 
data/Q2/after_1, 000030, 333, 337, SHVR, 1234, 20, 61.700000, ZIC, 1416, 20, 70.800000, ZIP, 795, 20, 39.750000, 
data/Q2/after_1, 000031, 333, 337, SHVR, 1295, 20, 64.750000, ZIC, 1531, 20, 76.550000, ZIP, 795, 20, 39.750000, 
data/Q2/after_1, 000031, 335, 337, SHVR, 1352, 20, 67.600000, ZIC, 1531, 20, 76.550000, ZIP, 878, 20, 43.900000, 
data/Q2/after_1, 000031, 335, 337, SHVR, 1352, 20, 67.600000, ZIC, 1578, 20, 78.900000, ZIP, 883, 20, 44.150000, 
data/Q2/after_1, 000031, 335, 338, SHVR, 1352, 20, 67.600000, ZIC, 1622, 20, 81.100000, ZIP, 886, 20, 44.300000, 
data/Q2/after_1, 000032, 334, 338, SHVR, 1436, 20, 71.800000, ZIC, 1662, 20, 83.100000, ZIP, 886, 20, 44.300000, 
data/Q2/after_1, 000032, 334, 342, SHVR, 1525, 20, 76.250000, ZIC, 1766, 20, 88.300000, ZIP, 886, 20, 44.300000, 
data/Q2/after_1, 000032, 334, 339, SHVR, 1553, 20, 77.650000, ZIC, 1766, 20, 88.300000, ZIP, 998, 20, 49.900000, 
data/Q2/after_1, 000033, 336, 339, SHVR, 1553, 20, 77.650000, ZIC, 1896, 20, 94.800000, ZIP, 1097, 20, 54.850000, 
data/Q2/after_1, 000033, 335, 337, SHVR, 1641, 20, 82.050000, ZIC, 1896, 20, 94.800000, ZIP, 1097, 20, 54.850000, 
data/Q2/after_1, 000033, 335, 336, SHVR, 1799, 20, 89.950000, ZIC, 1896, 20, 94.800000, ZIP, 1097, 20, 54.850000, 
data/Q2/after_1, 000034, 335, 344, SHVR, 1852, 20, 92.600000, ZIC, 2021, 20, 101.050000, ZIP, 1097, 20, 54.850000, 
data/Q2/after_1, 000034, 335, 357, SHVR, 1852, 20, 92.600000, ZIC, 2066, 20, 103.300000, ZIP, 1097, 20, 54.850000, 
data/Q2/after_1, 000036, 335, 357, SHVR, 1852, 20, 92.600000, ZIC, 2162, 20, 108.100000, ZIP, 1116, 20, 55.800000, 
data/Q2/after_1, 000037, 335, 338, SHVR, 1852, 20, 92.600000, ZIC, 2253, 20, 112.650000, ZIP, 1204, 20, 60.200000, 
data/Q2/after_1, 000037, 334, 357, SHVR, 1852, 20, 92.600000, ZIC, 2284, 20, 114.200000, ZIP, 1205, 20, 60.250000, 
data/Q2/after_1, 000039, 333, 357, SHVR, 1852, 20, 92.600000, ZIC, 2324, 20, 116.200000, ZIP, 1216, 20, 60.800000, 
data/Q2/after_1, 000041, 335, 360, SHVR, 1852, 20, 92.600000, ZIC, 2363, 20, 118.150000, ZIP, 1216, 20, 60.800000, 
data/Q2/after_1, 000044, 331, 366, SHVR, 1852, 20, 92.600000, ZIC, 2370, 20, 118.500000, ZIP, 1256, 20, 62.800000, 
data/Q2/after_1, 000045, 293, 367, SHVR, 1852, 20, 92.600000, ZIC, 2391, 20, 119.550000, ZIP, 1280, 20, 64.000000, 
data/Q2/after_1, 000045, 294, 366, SHVR, 1852, 20, 92.600000, ZIC, 2391, 20, 119.550000, ZIP, 1401, 20, 70.050000, 
data/Q2/after_1, 000045, 329, 365, SHVR, 1939, 20, 96.950000, ZIC, 2485, 20, 124.250000, ZIP, 1401, 20, 70.050000, 
data/Q2/after_1, 000045, 330, 364, SHVR, 2074, 20, 103.700000, ZIC, 2485, 20, 124.250000, ZIP, 1514, 20, 75.700000, 
data/Q2/after_1, 000046, 331, 332, SHVR, 2130, 20, 106.500000, ZIC, 2485, 20, 124.250000, ZIP, 1528, 20, 76.400000, 
data/Q2/after_1, 000046, 331, 334, SHVR, 2206, 20, 110.300000, ZIC, 2485, 20, 124.250000, ZIP, 1610, 20, 80.500000, 
data/Q2/after_1, 000046, 331, 333, SHVR, 2288, 20, 114.400000, ZIC, 2485, 20, 124.250000, ZIP, 1610, 20, 80.500000, 
data/Q2/after_1, 000046, 331, 333, SHVR, 2473, 20, 123.650000, ZIC, 2485, 20, 124.250000, ZIP, 1610, 20, 80.500000, 
data/Q2/after_1, 000046, 331, 334, SHVR, 2549, 20, 127.450000, ZIC, 2485, 20, 124.250000, ZIP, 1703, 20, 85.150000, 
data/Q2/after_1, 000046, 330, 332, SHVR, 2635, 20, 131.750000, ZIC, 2485, 20, 124.250000, ZIP, 1703, 20, 85.150000, 
data/Q2/after_1, 000047, 330, 332, SHVR, 2709, 20, 135.450000, ZIC, 2532, 20, 126.600000, ZIP, 1703, 20, 85.150000, 
data/Q2/after_1, 000047, 329, 332, SHVR, 2709, 20, 135.450000, ZIC, 2552, 20, 127.600000, ZIP, 1703, 20, 85.150000, 
data/Q2/after_1, 000047, 328, 330, SHVR, 2793, 20, 139.650000, ZIC, 2552, 20, 127.600000, ZIP, 1751, 20, 87.550000, 
data/Q2/after_1, 000047, 328, 334, SHVR, 2803, 20, 140.150000, ZIC, 2664, 20, 133.200000, ZIP, 1751, 20, 87.550000, 
data/Q2/after_1, 000047, 328, 334, SHVR, 2803, 20, 140.150000, ZIC, 2783, 20, 139.150000, ZIP, 1752, 20, 87.600000, 
data/Q2/after_1, 000047, 328, 334, SHVR, 2803, 20, 140.150000, ZIC, 2918, 20, 145.900000, ZIP, 1849, 20, 92.450000, 
data/Q2/after_1, 000048, 330, 337, SHVR, 2803, 20, 140.150000, ZIC, 3019, 20, 150.950000, ZIP, 1956, 20, 97.800000, 
data/Q2/after_1, 000048, 331, 341, SHVR, 2803, 20, 140.150000, ZIC, 3082, 20, 154.100000, ZIP, 1969, 20, 98.450000, 
data/Q2/after_1, 000049, 331, 349, SHVR, 2803, 20, 140.150000, ZIC, 3184, 20, 159.200000, ZIP, 1969, 20, 98.450000, 
data/Q2/after_1, 000049, 331, 349, SHVR, 2836, 20, 141.800000, ZIC, 3221, 20, 161.050000, ZIP, 1969, 20, 98.450000, 
data/Q2/after_1, 000050, 329, 344, SHVR, 2836, 20, 141.800000, ZIC, 3286, 20, 164.300000, ZIP, 1974, 20, 98.700000, 
data/Q2/after_1, 000051, 322, 355, SHVR, 2836, 20, 141.800000, ZIC, 3375, 20, 168.750000, ZIP, 2018, 20, 100.900000, 
data/Q2/after_1, 000053, 339, 365, SHVR, 2836, 20, 141.800000, ZIC, 3408, 20, 170.400000, ZIP, 2018, 20, 100.900000, 
data/Q2/after_1, 000060, 336, 418, SHVR, 2836, 20, 141.800000, ZIC, 3408, 20, 170.400000, ZIP, 2132, 20, 106.600000, 
data/Q2/after_1, 000060, 369, 378, SHVR, 2836, 20, 141.800000, ZIC, 3619, 20, 180.950000, ZIP, 2132, 20, 106.600000, 
data/Q2/after_1, 000060, 350, 376, SHVR, 2836, 20, 141.800000, ZIC, 3723, 20, 186.150000, ZIP, 2281, 20, 114.050000, 
data/Q2/after_1, 000060, 353, 371, SHVR, 2836, 20, 141.800000, ZIC, 3723, 20, 186.150000, ZIP, 2403, 20, 120.150000, 
data/Q2/after_1, 000060, 353, 360, SHVR, 2847, 20, 142.350000, ZIC, 3777, 20, 188.850000, ZIP, 2403, 20, 120.150000, 
data/Q2/after_1, 000060, 353, 360, SHVR, 2907, 20, 145.350000, ZIC, 3777, 20, 188.850000, ZIP, 2534, 20, 126.700000, 
data/Q2/after_1, 000061, 350, 354, SHVR, 3005, 20, 150.250000, ZIC, 3777, 20, 188.850000, ZIP, 2534, 20, 126.700000, 
data/Q2/after_1, 000061, 350, 352, SHVR, 3149, 20, 157.450000, ZIC, 3777, 20, 188.850000, ZIP, 2534, 20, 126.700000, 
data/Q2/after_1, 000061, 351, 353, SHVR, 3225, 20, 161.250000, ZIC, 3777, 20, 188.850000, ZIP, 2534, 20, 126.700000, 
data/Q2/after_1, 000061, 351, 355, SHVR, 3295, 20, 164.750000, ZIC, 3882, 20, 194.100000, ZIP, 2534, 20, 126.700000, 
data/Q2/after_1, 000061, 350, 354, SHVR, 3337, 20, 166.850000, ZIC, 3889, 20, 194.450000, ZIP, 2534, 20, 126.700000, 
data/Q2/after_1, 000061, 350, 354, SHVR, 3337, 20, 166.850000, ZIC, 3925, 20, 196.250000, ZIP, 2557, 20, 127.850000, 
data/Q2/after_1, 000062, 346, 351, SHVR, 3419, 20, 170.950000, ZIC, 4022, 20, 201.100000, ZIP, 2557, 20, 127.850000, 
data/Q2/after_1, 000062, 346, 348, SHVR, 3419, 20, 170.950000, ZIC, 4107, 20, 205.350000, ZIP, 2570, 20, 128.500000, 
data/Q2/after_1, 000063, 346, 347, SHVR, 3456, 20, 172.800000, ZIC, 4107, 20, 205.350000, ZIP, 2648, 20, 132.400000, 
data/Q2/after_1, 000063, 339, 348, SHVR, 3552, 20, 177.600000, ZIC, 4107, 20, 205.350000, ZIP, 2727, 20, 136.350000, 
data/Q2/after_1, 000063, 329, 346, SHVR, 3552, 20, 177.600000, ZIC, 4181, 20, 209.050000, ZIP, 2730, 20, 136.500000, 
data/Q2/after_1, 000063, 329, 347, SHVR, 3669, 20, 183.450000, ZIC, 4273, 20, 213.650000, ZIP, 2730, 20, 136.500000, 
data/Q2/after_1, 000067, 332, 342, SHVR, 3735, 20, 186.750000, ZIC, 4322, 20, 216.100000, ZIP, 2730, 20, 136.500000, 
data/Q2/after_1, 000067, 332, 342, SHVR, 3735, 20, 186.750000, ZIC, 4392, 20, 219.600000, ZIP, 2730, 20, 136.500000, 
data/Q2/after_1, 000069, 332, 338, SHVR, 3805, 20, 190.250000, ZIC, 4438, 20, 221.900000, ZIP, 2730, 20, 136.500000, 
data/Q2/after_1, 000069, 326, 338, SHVR, 3805, 20, 190.250000, ZIC, 4474, 20, 223.700000, ZIP, 2731, 20, 136.550000, 
data/Q2/after_1, 000073, 326, 357, SHVR, 3805, 20, 190.250000, ZIC, 4495, 20, 224.750000, ZIP, 2742, 20, 137.100000, 
data/Q2/after_1, 000075, 325, 500, SHVR, 3831, 20, 191.550000, ZIC, 4554, 20, 227.700000, ZIP, 2742, 20, 137.100000, 
data/Q2/after_1, 000075, 336, 498, SHVR, 3831, 20, 191.550000, ZIC, 4625, 20, 231.250000, ZIP, 2771, 20, 138.550000, 
data/Q2/after_1, 000075, 325, 481, SHVR, 3831, 20, 191.550000, ZIC, 4659, 20, 232.950000, ZIP, 2784, 20, 139.200000, 
data/Q2/after_1, 000075, 344, 376, SHVR, 3949, 20, 197.450000, ZIC, 4674, 20, 233.700000, ZIP, 2784, 20, 139.200000, 
data/Q2/after_1, 000075, 344, 346, SHVR, 4072, 20, 203.600000, ZIC, 4674, 20, 233.700000, ZIP, 2784, 20, 139.200000, 
data/Q2/after_1, 000075, 344, 346, SHVR, 4078, 20, 203.900000, ZIC, 4731, 20, 236.550000, ZIP, 2784, 20, 139.200000, 
data/Q2/after_1, 000075, 344, 346, SHVR, 4200, 20, 210.000000, ZIC, 4731, 20, 236.550000, ZIP, 2784, 20, 139.200000, 
data/Q2/after_1, 000076, 341, 346, SHVR, 4273, 20, 213.650000, ZIC, 4856, 20, 242.800000, ZIP, 2784, 20, 139.200000, 
data/Q2/after_1, 000076, 341, 347, SHVR, 4297, 20, 214.850000, ZIC, 4856, 20, 242.800000, ZIP, 2812, 20, 140.600000, 
data/Q2/after_1, 000076, 332, 347, SHVR, 4297, 20, 214.850000, ZIC, 4954, 20, 247.700000, ZIP, 2892, 20, 144.600000, 
data/Q2/after_1, 000077, 334, 343, SHVR, 4297, 20, 214.850000, ZIC, 5056, 20, 252.800000, ZIP, 3018, 20, 150.900000, 
data/Q2/after_1, 000077, 334, 342, SHVR, 4297, 20, 214.850000, ZIC, 5077, 20, 253.850000, ZIP, 3022, 20, 151.100000, 
data/Q2/after_1, 000078, 337, 341, SHVR, 4379, 20, 218.950000, ZIC, 5127, 20, 256.350000, ZIP, 3022, 20, 151.100000, 
data/Q2/after_1, 000079, 337, 341, SHVR, 4408, 20, 220.400000, ZIC, 5245, 20, 262.250000, ZIP, 3022, 20, 151.100000, 
data/Q2/after_1, 000079, 337, 342, SHVR, 4408, 20, 220.400000, ZIC, 5343, 20, 267.150000, ZIP, 3038, 20, 151.900000, 
data/Q2/after_1, 000079, 337, 340, SHVR, 4503, 20, 225.150000, ZIC, 5455, 20, 272.750000, ZIP, 3038, 20, 151.900000, 
data/Q2/after_1, 000080, 337, 340, SHVR, 4530, 20, 226.500000, ZIC, 5455, 20, 272.750000, ZIP, 3140, 20, 157.000000, 
data/Q2/after_1, 000080, 338, 341, SHVR, 4653, 20, 232.650000, ZIC, 5455, 20, 272.750000, ZIP, 3253, 20, 162.650000, 
data/Q2/after_1, 000081, 338, 341, SHVR, 4765, 20, 238.250000, ZIC, 5476, 20, 273.800000, ZIP, 3253, 20, 162.650000, 
data/Q2/after_1, 000082, 338, 342, SHVR, 4765, 20, 238.250000, ZIC, 5569, 20, 278.450000, ZIP, 3340, 20, 167.000000, 
data/Q2/after_1, 000083, 337, 356, SHVR, 4833, 20, 241.650000, ZIC, 5569, 20, 278.450000, ZIP, 3348, 20, 167.400000, 
data/Q2/after_1, 000088, 337, 356, SHVR, 4833, 20, 241.650000, ZIC, 5612, 20, 280.600000, ZIP, 3379, 20, 168.950000, 
data/Q2/after_1, 000090, 3, None, SHVR, 4833, 20, 241.650000, ZIC, 5802, 20, 290.100000, ZIP, 3379, 20, 168.950000, 
data/Q2/after_1, 000090, 3, 376, SHVR, 4833, 20, 241.650000, ZIC, 5906, 20, 295.300000, ZIP, 3511, 20, 175.550000, 
data/Q2/after_1, 000090, 249, 376, SHVR, 4833, 20, 241.650000, ZIC, 5989, 20, 299.450000, ZIP, 3519, 20, 175.950000, 
data/Q2/after_1, 000090, 301, 312, SHVR, 4899, 20, 244.950000, ZIC, 5989, 20, 299.450000, ZIP, 3530, 20, 176.500000, 
data/Q2/after_1, 000090, 301, 312, SHVR, 4953, 20, 247.650000, ZIC, 5989, 20, 299.450000, ZIP, 3568, 20, 178.400000, 
data/Q2/after_1, 000090, 301, 312, SHVR, 4981, 20, 249.050000, ZIC, 5989, 20, 299.450000, ZIP, 3648, 20, 182.400000, 
data/Q2/after_1, 000090, 301, 340, SHVR, 4981, 20, 249.050000, ZIC, 6123, 20, 306.150000, ZIP, 3706, 20, 185.300000, 
data/Q2/after_1, 000091, 303, 339, SHVR, 4981, 20, 249.050000, ZIC, 6257, 20, 312.850000, ZIP, 3706, 20, 185.300000, 
data/Q2/after_1, 000091, 317, 337, SHVR, 5001, 20, 250.050000, ZIC, 6360, 20, 318.000000, ZIP, 3706, 20, 185.300000, 
data/Q2/after_1, 000092, 328, 337, SHVR, 5066, 20, 253.300000, ZIC, 6420, 20, 321.000000, ZIP, 3706, 20, 185.300000, 
data/Q2/after_1, 000092, 334, 336, SHVR, 5209, 20, 260.450000, ZIC, 6420, 20, 321.000000, ZIP, 3706, 20, 185.300000, 
data/Q2/after_1, 000092, 333, 335, SHVR, 5399, 20, 269.950000, ZIC, 6420, 20, 321.000000, ZIP, 3706, 20, 185.300000, 
data/Q2/after_1, 000092, 334, 336, SHVR, 5458, 20, 272.900000, ZIC, 6420, 20, 321.000000, ZIP, 3803, 20, 190.150000, 
data/Q2/after_1, 000092, 333, 335, SHVR, 5489, 20, 274.450000, ZIC, 6420, 20, 321.000000, ZIP, 3812, 20, 190.600000, 
data/Q2/after_1, 000092, 332, 335, SHVR, 5489, 20, 274.450000, ZIC, 6460, 20, 323.000000, ZIP, 3821, 20, 191.050000, 
data/Q2/after_1, 000093, 332, 334, SHVR, 5595, 20, 279.750000, ZIC, 6460, 20, 323.000000, ZIP, 3821, 20, 191.050000, 
data/Q2/after_1, 000093, 332, 338, SHVR, 5770, 20, 288.500000, ZIC, 6460, 20, 323.000000, ZIP, 3821, 20, 191.050000, 
data/Q2/after_1, 000093, 334, 338, SHVR, 5770, 20, 288.500000, ZIC, 6478, 20, 323.900000, ZIP, 3854, 20, 192.700000, 
data/Q2/after_1, 000094, 327, 338, SHVR, 5770, 20, 288.500000, ZIC, 6512, 20, 325.600000, ZIP, 3951, 20, 197.550000, 
data/Q2/after_1, 000094, 328, 340, SHVR, 5770, 20, 288.500000, ZIC, 6644, 20, 332.200000, ZIP, 3957, 20, 197.850000, 
data/Q2/after_1, 000095, 328, 340, SHVR, 5770, 20, 288.500000, ZIC, 6693, 20, 334.650000, ZIP, 4003, 20, 200.150000, 
data/Q2/after_1, 000098, 332, 360, SHVR, 5782, 20, 289.100000, ZIC, 6693, 20, 334.650000, ZIP, 4003, 20, 200.150000, 
data/Q2/after_1, 000105, 348, 495, SHVR, 5782, 20, 289.100000, ZIC, 6879, 20, 343.950000, ZIP, 4003, 20, 200.150000, 
data/Q2/after_1, 000105, 330, 495, SHVR, 5782, 20, 289.100000, ZIC, 6907, 20, 345.350000, ZIP, 4003, 20, 200.150000, 
data/Q2/after_1, 000105, 357, 359, SHVR, 5944, 20, 297.200000, ZIC, 6907, 20, 345.350000, ZIP, 4003, 20, 200.150000, 
data/Q2/after_1, 000105, 354, 359, SHVR, 5944, 20, 297.200000, ZIC, 7024, 20, 351.200000, ZIP, 4069, 20, 203.450000, 
data/Q2/after_1, 000106, 354, 356, SHVR, 6065, 20, 303.250000, ZIC, 7024, 20, 351.200000, ZIP, 4069, 20, 203.450000, 
data/Q2/after_1, 000106, 351, 355, SHVR, 6110, 20, 305.500000, ZIC, 7050, 20, 352.500000, ZIP, 4069, 20, 203.450000, 
data/Q2/after_1, 000106, 352, 356, SHVR, 6148, 20, 307.400000, ZIC, 7153, 20, 357.650000, ZIP, 4069, 20, 203.450000, 
data/Q2/after_1, 000106, 352, 356, SHVR, 6162, 20, 308.100000, ZIC, 7241, 20, 362.050000, ZIP, 4069, 20, 203.450000, 
data/Q2/after_1, 000106, 352, 356, SHVR, 6239, 20, 311.950000, ZIC, 7325, 20, 366.250000, ZIP, 4069, 20, 203.450000, 
data/Q2/after_1, 000106, 352, 356, SHVR, 6239, 20, 311.950000, ZIC, 7423, 20, 371.150000, ZIP, 4199, 20, 209.950000, 
data/Q2/after_1, 000107, 352, 354, SHVR, 6392, 20, 319.600000, ZIC, 7423, 20, 371.150000, ZIP, 4199, 20, 209.950000, 
data/Q2/after_1, 000107, 352, 354, SHVR, 6534, 20, 326.700000, ZIC, 7423, 20, 371.150000, ZIP, 4199, 20, 209.950000, 
data/Q2/after_1, 000107, 351, 355, SHVR, 6588, 20, 329.400000, ZIC, 7423, 20, 371.150000, ZIP, 4318, 20, 215.900000, 
data/Q2/after_1, 000107, 351, 356, SHVR, 6588, 20, 329.400000, ZIC, 7458, 20, 372.900000, ZIP, 4420, 20, 221.000000, 
data/Q2/after_1, 000108, 352, 356, SHVR, 6588, 20, 329.400000, ZIC, 7517, 20, 375.850000, ZIP, 4497, 20, 224.850000, 
data/Q2/after_1, 000108, 350, 356, SHVR, 6588, 20, 329.400000, ZIC, 7571, 20, 378.550000, ZIP, 4515, 20, 225.750000, 
data/Q2/after_1, 000108, 350, 356, SHVR, 6590, 20, 329.500000, ZIC, 7623, 20, 381.150000, ZIP, 4515, 20, 225.750000, 
data/Q2/after_1, 000110, 349, 355, SHVR, 6673, 20, 333.650000, ZIC, 7706, 20, 385.300000, ZIP, 4515, 20, 225.750000, 
data/Q2/after_1, 000111, 349, 352, SHVR, 6780, 20, 339.000000, ZIC, 7755, 20, 387.750000, ZIP, 4515, 20, 225.750000, 
data/Q2/after_1, 000120, 348, 350, SHVR, 7016, 20, 350.800000, ZIC, 7755, 20, 387.750000, ZIP, 4515, 20, 225.750000, 
data/Q2/after_1, 000120, 348, 350, SHVR, 7176, 20, 358.800000, ZIC, 7755, 20, 387.750000, ZIP, 4515, 20, 225.750000, 
data/Q2/after_1, 000120, 348, 351, SHVR, 7215, 20, 360.750000, ZIC, 7802, 20, 390.100000, ZIP, 4515, 20, 225.750000, 
data/Q2/after_1, 000120, 348, 350, SHVR, 7278, 20, 363.900000, ZIC, 7802, 20, 390.100000, ZIP, 4612, 20, 230.600000, 
data/Q2/after_1, 000120, 348, 350, SHVR, 7322, 20, 366.100000, ZIC, 7802, 20, 390.100000, ZIP, 4737, 20, 236.850000, 
data/Q2/after_1, 000120, 346, 350, SHVR, 7322, 20, 366.100000, ZIC, 7837, 20, 391.850000, ZIP, 4812, 20, 240.600000, 
data/Q2/after_1, 000121, 346, 350, SHVR, 7421, 20, 371.050000, ZIC, 7837, 20, 391.850000, ZIP, 4835, 20, 241.750000, 
data/Q2/after_1, 000121, 347, 350, SHVR, 7498, 20, 374.900000, ZIC, 7959, 20, 397.950000, ZIP, 4835, 20, 241.750000, 
data/Q2/after_1, 000121, 347, 351, SHVR, 7526, 20, 376.300000, ZIC, 8058, 20, 402.900000, ZIP, 4835, 20, 241.750000, 
data/Q2/after_1, 000121, 346, 351, SHVR, 7583, 20, 379.150000, ZIC, 8058, 20, 402.900000, ZIP, 4964, 20, 248.200000, 
data/Q2/after_1, 000121, 345, 355, SHVR, 7583, 20, 379.150000, ZIC, 8058, 20, 402.900000, ZIP, 5008, 20, 250.400000, 
data/Q2/after_1, 000121, 346, 349, SHVR, 7583, 20, 379.150000, ZIC, 8097, 20, 404.850000, ZIP, 5030, 20, 251.500000, 
data/Q2/after_1, 000121, 345, 348, SHVR, 7586, 20, 379.300000, ZIC, 8154, 20, 407.700000, ZIP, 5030, 20, 251.500000, 
data/Q2/after_1, 000122, 341, 346, SHVR, 7586, 20, 379.300000, ZIC, 8322, 20, 416.100000, ZIP, 5030, 20, 251.500000, 
data/Q2/after_1, 000122, 342, 347, SHVR, 7651, 20, 382.550000, ZIC, 8413, 20, 420.650000, ZIP, 5030, 20, 251.500000, 
data/Q2/after_1, 000123, 342, 344, SHVR, 7722, 20, 386.100000, ZIC, 8452, 20, 422.600000, ZIP, 5030, 20, 251.500000, 
data/Q2/after_1, 000123, 342, 344, SHVR, 7722, 20, 386.100000, ZIC, 8552, 20, 427.600000, ZIP, 5031, 20, 251.550000, 
data/Q2/after_1, 000123, 342, 346, SHVR, 7726, 20, 386.300000, ZIC, 8666, 20, 433.300000, ZIP, 5031, 20, 251.550000, 
data/Q2/after_1, 000126, 341, 355, SHVR, 7746, 20, 387.300000, ZIC, 8666, 20, 433.300000, ZIP, 5136, 20, 256.800000, 
data/Q2/after_1, 000126, 341, 359, SHVR, 7746, 20, 387.300000, ZIC, 8758, 20, 437.900000, ZIP, 5136, 20, 256.800000, 
data/Q2/after_1, 000126, 341, 360, SHVR, 7746, 20, 387.300000, ZIC, 8798, 20, 439.900000, ZIP, 5137, 20, 256.850000, 
data/Q2/after_1, 000130, 333, 358, SHVR, 7746, 20, 387.300000, ZIC, 8839, 20, 441.950000, ZIP, 5224, 20, 261.200000, 
data/Q2/after_1, 000131, 329, 360, SHVR, 7746, 20, 387.300000, ZIC, 8884, 20, 444.200000, ZIP, 5228, 20, 261.400000, 
data/Q2/after_1, 000135, 334, 338, SHVR, 7746, 20, 387.300000, ZIC, 8884, 20, 444.200000, ZIP, 5340, 20, 267.000000, 
data/Q2/after_1, 000135, 335, 337, SHVR, 7872, 20, 393.600000, ZIC, 8884, 20, 444.200000, ZIP, 5355, 20, 267.750000, 
data/Q2/after_1, 000135, 335, 338, SHVR, 7949, 20, 397.450000, ZIC, 8981, 20, 449.050000, ZIP, 5355, 20, 267.750000, 
data/Q2/after_1, 000135, 335, 339, SHVR, 8011, 20, 400.550000, ZIC, 9111, 20, 455.550000, ZIP, 5355, 20, 267.750000, 
data/Q2/after_1, 000136, 336, 338, SHVR, 8092, 20, 404.600000, ZIC, 9111, 20, 455.550000, ZIP, 5355, 20, 267.750000, 
data/Q2/after_1, 000136, 335, 337, SHVR, 8152, 20, 407.600000, ZIC, 9153, 20, 457.650000, ZIP, 5355, 20, 267.750000, 
data/Q2/after_1, 000136, 335, 337, SHVR, 8317, 20, 415.850000, ZIC, 9153, 20, 457.650000, ZIP, 5355, 20, 267.750000, 
data/Q2/after_1, 000136, 334, 337, SHVR, 8348, 20, 417.400000, ZIC, 9223, 20, 461.150000, ZIP, 5355, 20, 267.750000, 
data/Q2/after_1, 000136, 334, 338, SHVR, 8452, 20, 422.600000, ZIC, 9324, 20, 466.200000, ZIP, 5355, 20, 267.750000, 
data/Q2/after_1, 000136, 322, 338, SHVR, 8452, 20, 422.600000, ZIC, 9346, 20, 467.300000, ZIP, 5365, 20, 268.250000, 
data/Q2/after_1, 000136, 323, 338, SHVR, 8456, 20, 422.800000, ZIC, 9370, 20, 468.500000, ZIP, 5365, 20, 268.250000, 
data/Q2/after_1, 000137, 326, 332, SHVR, 8456, 20, 422.800000, ZIC, 9455, 20, 472.750000, ZIP, 5465, 20, 273.250000, 
data/Q2/after_1, 000138, 327, 329, SHVR, 8462, 20, 423.100000, ZIC, 9524, 20, 476.200000, ZIP, 5465, 20, 273.250000, 
data/Q2/after_1, 000138, 327, 330, SHVR, 8588, 20, 429.400000, ZIC, 9524, 20, 476.200000, ZIP, 5465, 20, 273.250000, 
data/Q2/after_1, 000138, 327, 332, SHVR, 8610, 20, 430.500000, ZIC, 9524, 20, 476.200000, ZIP, 5558, 20, 277.900000, 
data/Q2/after_1, 000138, 325, 329, SHVR, 8610, 20, 430.500000, ZIC, 9568, 20, 478.400000, ZIP, 5599, 20, 279.950000, 
data/Q2/after_1, 000139, 326, 333, SHVR, 8610, 20, 430.500000, ZIC, 9597, 20, 479.850000, ZIP, 5702, 20, 285.100000, 
data/Q2/after_1, 000139, 327, 333, SHVR, 8610, 20, 430.500000, ZIC, 9717, 20, 485.850000, ZIP, 5779, 20, 288.950000, 
data/Q2/after_1, 000139, 327, 337, SHVR, 8610, 20, 430.500000, ZIC, 9845, 20, 492.250000, ZIP, 5779, 20, 288.950000, 
data/Q2/after_1, 000142, 326, 331, SHVR, 8700, 20, 435.000000, ZIC, 9880, 20, 494.000000, ZIP, 5779, 20, 288.950000, 
data/Q2/after_1, 000142, 326, 338, SHVR, 8700, 20, 435.000000, ZIC, 9993, 20, 499.650000, ZIP, 5888, 20, 294.400000, 
data/Q2/after_1, 000146, 329, 357, SHVR, 8700, 20, 435.000000, ZIC, 10043, 20, 502.150000, ZIP, 5888, 20, 294.400000, 
data/Q2/after_1, 000150, 2, 491, SHVR, 8700, 20, 435.000000, ZIC, 10074, 20, 503.700000, ZIP, 5904, 20, 295.200000, 
data/Q2/after_1, 000150, 329, 331, SHVR, 8756, 20, 437.800000, ZIC, 10074, 20, 503.700000, ZIP, 5943, 20, 297.150000, 
data/Q2/after_1, 000150, 196, 331, SHVR, 8756, 20, 437.800000, ZIC, 10074, 20, 503.700000, ZIP, 6059, 20, 302.950000, 
data/Q2/after_1, 000150, 304, 329, SHVR, 8756, 20, 437.800000, ZIC, 10074, 20, 503.700000, ZIP, 6245, 20, 312.250000, 
data/Q2/after_1, 000151, 304, 329, SHVR, 8756, 20, 437.800000, ZIC, 10074, 20, 503.700000, ZIP, 6337, 20, 316.850000, 
data/Q2/after_1, 000151, 305, 330, SHVR, 8852, 20, 442.600000, ZIC, 10074, 20, 503.700000, ZIP, 6383, 20, 319.150000, 
data/Q2/after_1, 000151, 318, 329, SHVR, 8921, 20, 446.050000, ZIC, 10135, 20, 506.750000, ZIP, 6383, 20, 319.150000, 
data/Q2/after_1, 000151, 318, 332, SHVR, 8967, 20, 448.350000, ZIC, 10278, 20, 513.900000, ZIP, 6383, 20, 319.150000, 
data/Q2/after_1, 000151, 324, 333, SHVR, 8967, 20, 448.350000, ZIC, 10389, 20, 519.450000, ZIP, 6461, 20, 323.050000, 
data/Q2/after_1, 000151, 324, 331, SHVR, 9006, 20, 450.300000, ZIC, 10449, 20, 522.450000, ZIP, 6461, 20, 323.050000, 
data/Q2/after_1, 000151, 323, 331, SHVR, 9006, 20, 450.300000, ZIC, 10479, 20, 523.950000, ZIP, 6462, 20, 323.100000, 
data/Q2/after_1, 000152, 327, 331, SHVR, 9155, 20, 457.750000, ZIC, 10479, 20, 523.950000, ZIP, 6462, 20, 323.100000, 
data/Q2/after_1, 000152, 327, 333, SHVR, 9176, 20, 458.800000, ZIC, 10545, 20, 527.250000, ZIP, 6462, 20, 323.100000, 
data/Q2/after_1, 000153, 328, 336, SHVR, 9197, 20, 459.850000, ZIC, 10545, 20, 527.250000, ZIP, 6471, 20, 323.550000, 
data/Q2/after_1, 000153, 328, 336, SHVR, 9197, 20, 459.850000, ZIC, 10720, 20, 536.000000, ZIP, 6471, 20, 323.550000, 
data/Q2/after_1, 000153, 328, 336, SHVR, 9197, 20, 459.850000, ZIC, 10806, 20, 540.300000, ZIP, 6571, 20, 328.550000, 
data/Q2/after_1, 000154, 334, 336, SHVR, 9418, 20, 470.900000, ZIC, 10806, 20, 540.300000, ZIP, 6571, 20, 328.550000, 
data/Q2/after_1, 000154, 334, 336, SHVR, 9501, 20, 475.050000, ZIC, 10806, 20, 540.300000, ZIP, 6571, 20, 328.550000, 
data/Q2/after_1, 000154, 334, 341, SHVR, 9559, 20, 477.950000, ZIC, 10806, 20, 540.300000, ZIP, 6572, 20, 328.600000, 
data/Q2/after_1, 000155, 334, 348, SHVR, 9559, 20, 477.950000, ZIC, 10918, 20, 545.900000, ZIP, 6572, 20, 328.600000, 
data/Q2/after_1, 000156, 341, 357, SHVR, 9559, 20, 477.950000, ZIC, 11024, 20, 551.200000, ZIP, 6572, 20, 328.600000, 
data/Q2/after_1, 000156, 333, 357, SHVR, 9634, 20, 481.700000, ZIC, 11047, 20, 552.350000, ZIP, 6572, 20, 328.600000, 
data/Q2/after_1, 000157, 328, 357, SHVR, 9634, 20, 481.700000, ZIC, 11085, 20, 554.250000, ZIP, 6579, 20, 328.950000, 
data/Q2/after_1, 000164, 328, 363, SHVR, 9634, 20, 481.700000, ZIC, 11174, 20, 558.700000, ZIP, 6579, 20, 328.950000, 
data/Q2/after_1, 000165, 319, 325, SHVR, 9636, 20, 481.800000, ZIC, 11174, 20, 558.700000, ZIP, 6629, 20, 331.450000, 
data/Q2/after_1, 000165, 320, 325, SHVR, 9650, 20, 482.500000, ZIC, 11174, 20, 558.700000, ZIP, 6648, 20, 332.400000, 
data/Q2/after_1, 000165, 321, 344, SHVR, 9650, 20, 482.500000, ZIC, 11349, 20, 567.450000, ZIP, 6648, 20, 332.400000, 
data/Q2/after_1, 000165, 327, 341, SHVR, 9650, 20, 482.500000, ZIC, 11445, 20, 572.250000, ZIP, 6763, 20, 338.150000, 
data/Q2/after_1, 000165, 327, 341, SHVR, 9650, 20, 482.500000, ZIC, 11555, 20, 577.750000, ZIP, 6766, 20, 338.300000, 
data/Q2/after_1, 000166, 327, 331, SHVR, 9789, 20, 489.450000, ZIC, 11595, 20, 579.750000, ZIP, 6766, 20, 338.300000, 
data/Q2/after_1, 000166, 327, 336, SHVR, 9789, 20, 489.450000, ZIC, 11713, 20, 585.650000, ZIP, 6774, 20, 338.700000, 
data/Q2/after_1, 000166, 327, 336, SHVR, 9868, 20, 493.400000, ZIC, 11713, 20, 585.650000, ZIP, 6878, 20, 343.900000, 
data/Q2/after_1, 000166, 330, 332, SHVR, 10001, 20, 500.050000, ZIC, 11713, 20, 585.650000, ZIP, 6878, 20, 343.900000, 
data/Q2/after_1, 000166, 329, 332, SHVR, 10178, 20, 508.900000, ZIC, 11713, 20, 585.650000, ZIP, 6878, 20, 343.900000, 
data/Q2/after_1, 000166, 328, 331, SHVR, 10300, 20, 515.000000, ZIC, 11713, 20, 585.650000, ZIP, 6878, 20, 343.900000, 
data/Q2/after_1, 000167, 328, 331, SHVR, 10320, 20, 516.000000, ZIC, 11798, 20, 589.900000, ZIP, 6878, 20, 343.900000, 
data/Q2/after_1, 000167, 328, 330, SHVR, 10372, 20, 518.600000, ZIC, 11798, 20, 589.900000, ZIP, 6974, 20, 348.700000, 
data/Q2/after_1, 000167, 328, 330, SHVR, 10372, 20, 518.600000, ZIC, 11815, 20, 590.750000, ZIP, 6974, 20, 348.700000, 
data/Q2/after_1, 000168, 328, 330, SHVR, 10372, 20, 518.600000, ZIC, 11847, 20, 592.350000, ZIP, 6984, 20, 349.200000, 
data/Q2/after_1, 000168, 328, 332, SHVR, 10441, 20, 522.050000, ZIC, 11975, 20, 598.750000, ZIP, 6984, 20, 349.200000, 
data/Q2/after_1, 000169, 330, 333, SHVR, 10560, 20, 528.000000, ZIC, 11975, 20, 598.750000, ZIP, 6984, 20, 349.200000, 
data/Q2/after_1, 000170, 330, 333, SHVR, 10560, 20, 528.000000, ZIC, 12031, 20, 601.550000, ZIP, 7063, 20, 353.150000, 
data/Q2/after_1, 000173, 330, 341, SHVR, 10560, 20, 528.000000, ZIC, 12100, 20, 605.000000, ZIP, 7160, 20, 358.000000, 
data/Q2/after_1, 000176, 330, 356, SHVR, 10560, 20, 528.000000, ZIC, 12229, 20, 611.450000, ZIP, 7160, 20, 358.000000, 
data/Q2/after_1, 000179, 336, 364, SHVR, 10560, 20, 528.000000, ZIC, 12252, 20, 612.600000, ZIP, 7160, 20, 358.000000, 
data/Q2/after_1, 000180, 342, None, SHVR, 10582, 20, 529.100000, ZIC, 12285, 20, 614.250000, ZIP, 7160, 20, 358.000000, 
data/Q2/after_1, 000180, 342, 348, SHVR, 10588, 20, 529.400000, ZIC, 12285, 20, 614.250000, ZIP, 7277, 20, 363.850000, 
data/Q2/after_1, 000180, 326, 348, SHVR, 10588, 20, 529.400000, ZIC, 12285, 20, 614.250000, ZIP, 7398, 20, 369.900000, 
data/Q2/after_1, 000180, 307, 342, SHVR, 10588, 20, 529.400000, ZIC, 12320, 20, 616.000000, ZIP, 7398, 20, 369.900000, 
data/Q2/after_1, 000181, 327, 331, SHVR, 10651, 20, 532.550000, ZIC, 12408, 20, 620.400000, ZIP, 7398, 20, 369.900000, 
data/Q2/after_1, 000181, 325, 328, SHVR, 10719, 20, 535.950000, ZIC, 12408, 20, 620.400000, ZIP, 7440, 20, 372.000000, 
data/Q2/after_1, 000181, 325, 329, SHVR, 10769, 20, 538.450000, ZIC, 12408, 20, 620.400000, ZIP, 7539, 20, 376.950000, 
data/Q2/after_1, 000182, 325, 328, SHVR, 10858, 20, 542.900000, ZIC, 12449, 20, 622.450000, ZIP, 7539, 20, 376.950000, 
data/Q2/after_1, 000182, 326, 328, SHVR, 11090, 20, 554.500000, ZIC, 12449, 20, 622.450000, ZIP, 7539, 20, 376.950000, 
data/Q2/after_1, 000182, 327, 328, SHVR, 11090, 20, 554.500000, ZIC, 12569, 20, 628.450000, ZIP, 7632, 20, 381.600000, 
data/Q2/after_1, 000182, 325, 328, SHVR, 11186, 20, 559.300000, ZIC, 12569, 20, 628.450000, ZIP, 7632, 20, 381.600000, 
data/Q2/after_1, 000183, 325, 328, SHVR, 11264, 20, 563.200000, ZIC, 12701, 20, 635.050000, ZIP, 7632, 20, 381.600000, 
data/Q2/after_1, 000183, 325, 327, SHVR, 11390, 20, 569.500000, ZIC, 12701, 20, 635.050000, ZIP, 7632, 20, 381.600000, 
data/Q2/after_1, 000183, 325, 328, SHVR, 11390, 20, 569.500000, ZIC, 12701, 20, 635.050000, ZIP, 7800, 20, 390.000000, 
data/Q2/after_1, 000184, 325, 327, SHVR, 11445, 20, 572.250000, ZIC, 12701, 20, 635.050000, ZIP, 7851, 20, 392.550000, 
data/Q2/after_1, 000184, 325, 330, SHVR, 11464, 20, 573.200000, ZIC, 12826, 20, 641.300000, ZIP, 7851, 20, 392.550000, 
data/Q2/after_1, 000184, 325, 336, SHVR, 11464, 20, 573.200000, ZIC, 12934, 20, 646.700000, ZIP, 7855, 20, 392.750000, 
data/Q2/after_1, 000186, 325, 341, SHVR, 11464, 20, 573.200000, ZIC, 12997, 20, 649.850000, ZIP, 7857, 20, 392.850000, 
data/Q2/after_1, 000186, 325, 343, SHVR, 11464, 20, 573.200000, ZIC, 13043, 20, 652.150000, ZIP, 7857, 20, 392.850000, 
data/Q2/after_1, 000187, 324, 356, SHVR, 11464, 20, 573.200000, ZIC, 13107, 20, 655.350000, ZIP, 7868, 20, 393.400000, 
data/Q2/after_1, 000187, 348, 366, SHVR, 11464, 20, 573.200000, ZIC, 13221, 20, 661.050000, ZIP, 7868, 20, 393.400000, 
data/Q2/after_1, 000187, 329, 366, SHVR, 11464, 20, 573.200000, ZIC, 13308, 20, 665.400000, ZIP, 7868, 20, 393.400000, 
data/Q2/after_1, 000192, 325, 366, SHVR, 11464, 20, 573.200000, ZIC, 13345, 20, 667.250000, ZIP, 7881, 20, 394.050000, 
data/Q2/after_1, 000195, 314, 366, SHVR, 11464, 20, 573.200000, ZIC, 13369, 20, 668.450000, ZIP, 7882, 20, 394.100000, 
data/Q2/after_1, 000195, 164, 314, SHVR, 11464, 20, 573.200000, ZIC, 13369, 20, 668.450000, ZIP, 8001, 20, 400.050000, 
data/Q2/after_1, 000195, 164, 314, SHVR, 11464, 20, 573.200000, ZIC, 13369, 20, 668.450000, ZIP, 8116, 20, 405.800000, 
data/Q2/after_1, 000195, 164, 253, SHVR, 11467, 20, 573.350000, ZIC, 13369, 20, 668.450000, ZIP, 8162, 20, 408.100000, 
data/Q2/after_1, 000195, 166, 314, SHVR, 11467, 20, 573.350000, ZIC, 13369, 20, 668.450000, ZIP, 8314, 20, 415.700000, 
data/Q2/after_1, 000195, 170, 247, SHVR, 11481, 20, 574.050000, ZIC, 13508, 20, 675.400000, ZIP, 8314, 20, 415.700000, 
data/Q2/after_1, 000196, 180, 256, SHVR, 11481, 20, 574.050000, ZIC, 13734, 20, 686.700000, ZIP, 8327, 20, 416.350000, 
data/Q2/after_1, 000196, 255, 270, SHVR, 11481, 20, 574.050000, ZIC, 13910, 20, 695.500000, ZIP, 8327, 20, 416.350000, 
data/Q2/after_1, 000196, 257, 274, SHVR, 11481, 20, 574.050000, ZIC, 14094, 20, 704.700000, ZIP, 8327, 20, 416.350000, 
data/Q2/after_1, 000197, 273, 277, SHVR, 11600, 20, 580.000000, ZIC, 14094, 20, 704.700000, ZIP, 8327, 20, 416.350000, 
data/Q2/after_1, 000198, 274, 305, SHVR, 11600, 20, 580.000000, ZIC, 14174, 20, 708.700000, ZIP, 8327, 20, 416.350000, 
data/Q2/after_1, 000198, 276, 317, SHVR, 11600, 20, 580.000000, ZIC, 14314, 20, 715.700000, ZIP, 8327, 20, 416.350000, 
data/Q2/after_1, 000198, 282, 319, SHVR, 11600, 20, 580.000000, ZIC, 14532, 20, 726.600000, ZIP, 8327, 20, 416.350000, 
data/Q2/after_1, 000199, 303, 338, SHVR, 11600, 20, 580.000000, ZIC, 14651, 20, 732.550000, ZIP, 8327, 20, 416.350000, 
data/Q2/after_1, 000200, 318, 328, SHVR, 11600, 20, 580.000000, ZIC, 14706, 20, 735.300000, ZIP, 8428, 20, 421.400000, 
data/Q2/after_1, 000200, 317, 328, SHVR, 11687, 20, 584.350000, ZIC, 14735, 20, 736.750000, ZIP, 8428, 20, 421.400000, 
data/Q2/after_1, 000200, 322, 342, SHVR, 11687, 20, 584.350000, ZIC, 14809, 20, 740.450000, ZIP, 8430, 20, 421.500000, 
data/Q2/after_1, 000201, 330, 342, SHVR, 11774, 20, 588.700000, ZIC, 14852, 20, 742.600000, ZIP, 8430, 20, 421.500000, 
data/Q2/after_1, 000202, 337, 342, SHVR, 11845, 20, 592.250000, ZIC, 14861, 20, 743.050000, ZIP, 8430, 20, 421.500000, 
data/Q2/after_1, 000203, 336, 342, SHVR, 11861, 20, 593.050000, ZIC, 14895, 20, 744.750000, ZIP, 8430, 20, 421.500000, 
data/Q2/after_1, 000203, 337, 342, SHVR, 11861, 20, 593.050000, ZIC, 14933, 20, 746.650000, ZIP, 8519, 20, 425.950000, 
data/Q2/after_1, 000207, 341, 343, SHVR, 11985, 20, 599.250000, ZIC, 14933, 20, 746.650000, ZIP, 8519, 20, 425.950000, 
data/Q2/after_1, 000207, 337, 355, SHVR, 12006, 20, 600.300000, ZIC, 14933, 20, 746.650000, ZIP, 8523, 20, 426.150000, 
data/Q2/after_1, 000207, 337, 358, SHVR, 12006, 20, 600.300000, ZIC, 14962, 20, 748.100000, ZIP, 8523, 20, 426.150000, 
data/Q2/after_1, 000208, 337, 358, SHVR, 12006, 20, 600.300000, ZIC, 14985, 20, 749.250000, ZIP, 8524, 20, 426.200000, 
data/Q2/after_1, 000210, 336, 351, SHVR, 12079, 20, 603.950000, ZIC, 15108, 20, 755.400000, ZIP, 8524, 20, 426.200000, 
data/Q2/after_1, 000210, 338, 342, SHVR, 12090, 20, 604.500000, ZIC, 15136, 20, 756.800000, ZIP, 8524, 20, 426.200000, 
data/Q2/after_1, 000210, 336, 342, SHVR, 12090, 20, 604.500000, ZIC, 15136, 20, 756.800000, ZIP, 8721, 20, 436.050000, 
data/Q2/after_1, 000210, 339, 342, SHVR, 12175, 20, 608.750000, ZIC, 15136, 20, 756.800000, ZIP, 8728, 20, 436.400000, 
data/Q2/after_1, 000211, 339, 343, SHVR, 12175, 20, 608.750000, ZIC, 15280, 20, 764.000000, ZIP, 8728, 20, 436.400000, 
data/Q2/after_1, 000211, 340, 343, SHVR, 12337, 20, 616.850000, ZIC, 15280, 20, 764.000000, ZIP, 8728, 20, 436.400000, 
data/Q2/after_1, 000211, 339, 342, SHVR, 12458, 20, 622.900000, ZIC, 15280, 20, 764.000000, ZIP, 8846, 20, 442.300000, 
data/Q2/after_1, 000211, 339, 341, SHVR, 12509, 20, 625.450000, ZIC, 15326, 20, 766.300000, ZIP, 8846, 20, 442.300000, 
data/Q2/after_1, 000211, 339, 341, SHVR, 12509, 20, 625.450000, ZIC, 15326, 20, 766.300000, ZIP, 8988, 20, 449.400000, 
data/Q2/after_1, 000212, 337, 341, SHVR, 12509, 20, 625.450000, ZIC, 15332, 20, 766.600000, ZIP, 8992, 20, 449.600000, 
data/Q2/after_1, 000212, 337, 340, SHVR, 12534, 20, 626.700000, ZIC, 15383, 20, 769.150000, ZIP, 8992, 20, 449.600000, 
data/Q2/after_1, 000212, 336, 340, SHVR, 12611, 20, 630.550000, ZIC, 15421, 20, 771.050000, ZIP, 8992, 20, 449.600000, 
data/Q2/after_1, 000212, 336, 340, SHVR, 12641, 20, 632.050000, ZIC, 15421, 20, 771.050000, ZIP, 9024, 20, 451.200000, 
data/Q2/after_1, 000213, 334, 339, SHVR, 12773, 20, 638.650000, ZIC, 15421, 20, 771.050000, ZIP, 9024, 20, 451.200000, 
data/Q2/after_1, 000213, 334, 339, SHVR, 12838, 20, 641.900000, ZIC, 15538, 20, 776.900000, ZIP, 9024, 20, 451.200000, 
data/Q2/after_1, 000213, 331, 337, SHVR, 12838, 20, 641.900000, ZIC, 15634, 20, 781.700000, ZIP, 9116, 20, 455.800000, 
data/Q2/after_1, 000214, 331, 337, SHVR, 12945, 20, 647.250000, ZIC, 15741, 20, 787.050000, ZIP, 9116, 20, 455.800000, 
data/Q2/after_1, 000214, 331, 337, SHVR, 12965, 20, 648.250000, ZIC, 15803, 20, 790.150000, ZIP, 9116, 20, 455.800000, 
data/Q2/after_1, 000216, 330, 337, SHVR, 12965, 20, 648.250000, ZIC, 15867, 20, 793.350000, ZIP, 9117, 20, 455.850000, 
data/Q2/after_1, 000216, 330, 339, SHVR, 12965, 20, 648.250000, ZIC, 15986, 20, 799.300000, ZIP, 9128, 20, 456.400000, 
data/Q2/after_1, 000219, 330, 341, SHVR, 12965, 20, 648.250000, ZIC, 16090, 20, 804.500000, ZIP, 9129, 20, 456.450000, 
data/Q2/after_1, 000225, 117, 500, SHVR, 12965, 20, 648.250000, ZIC, 16302, 20, 815.100000, ZIP, 9129, 20, 456.450000, 
data/Q2/after_1, 000225, 332, 360, SHVR, 12999, 20, 649.950000, ZIC, 16332, 20, 816.600000, ZIP, 9129, 20, 456.450000, 
data/Q2/after_1, 000226, 332, 337, SHVR, 12999, 20, 649.950000, ZIC, 16381, 20, 819.050000, ZIP, 9132, 20, 456.600000, 
data/Q2/after_1, 000226, 332, 347, SHVR, 12999, 20, 649.950000, ZIC, 16492, 20, 824.600000, ZIP, 9252, 20, 462.600000, 
data/Q2/after_1, 000226, 343, 345, SHVR, 13147, 20, 657.350000, ZIC, 16492, 20, 824.600000, ZIP, 9252, 20, 462.600000, 
data/Q2/after_1, 000226, 332, 344, SHVR, 13150, 20, 657.500000, ZIC, 16492, 20, 824.600000, ZIP, 9332, 20, 466.600000, 
data/Q2/after_1, 000226, 341, 345, SHVR, 13221, 20, 661.050000, ZIC, 16620, 20, 831.000000, ZIP, 9332, 20, 466.600000, 
data/Q2/after_1, 000227, 341, 343, SHVR, 13397, 20, 669.850000, ZIC, 16620, 20, 831.000000, ZIP, 9332, 20, 466.600000, 
data/Q2/after_1, 000227, 342, 343, SHVR, 13496, 20, 674.800000, ZIC, 16620, 20, 831.000000, ZIP, 9332, 20, 466.600000, 
data/Q2/after_1, 000227, 342, 344, SHVR, 13496, 20, 674.800000, ZIC, 16666, 20, 833.300000, ZIP, 9447, 20, 472.350000, 
data/Q2/after_1, 000227, 342, 344, SHVR, 13496, 20, 674.800000, ZIC, 16782, 20, 839.100000, ZIP, 9464, 20, 473.200000, 
data/Q2/after_1, 000227, 342, 344, SHVR, 13544, 20, 677.200000, ZIC, 16782, 20, 839.100000, ZIP, 9473, 20, 473.650000, 
data/Q2/after_1, 000228, 341, 343, SHVR, 13651, 20, 682.550000, ZIC, 16782, 20, 839.100000, ZIP, 9473, 20, 473.650000, 
data/Q2/after_1, 000228, 341, 344, SHVR, 13684, 20, 684.200000, ZIC, 16879, 20, 843.950000, ZIP, 9473, 20, 473.650000, 
data/Q2/after_1, 000228, 342, 343, SHVR, 13758, 20, 687.900000, ZIC, 16879, 20, 843.950000, ZIP, 9509, 20, 475.450000, 
data/Q2/after_1, 000228, 342, 344, SHVR, 13758, 20, 687.900000, ZIC, 16879, 20, 843.950000, ZIP, 9683, 20, 484.150000, 
data/Q2/after_1, 000229, 340, 343, SHVR, 13758, 20, 687.900000, ZIC, 16956, 20, 847.800000, ZIP, 9686, 20, 484.300000, 
data/Q2/after_1, 000230, 341, 343, SHVR, 13943, 20, 697.150000, ZIC, 16956, 20, 847.800000, ZIP, 9686, 20, 484.300000, 
data/Q2/after_1, 000231, 339, 343, SHVR, 13943, 20, 697.150000, ZIC, 16987, 20, 849.350000, ZIP, 9689, 20, 484.450000, 
data/Q2/after_1, 000231, 339, 356, SHVR, 13943, 20, 697.150000, ZIC, 17042, 20, 852.100000, ZIP, 9793, 20, 489.650000, 
data/Q2/after_1, 000234, 329, 356, SHVR, 13943, 20, 697.150000, ZIC, 17089, 20, 854.450000, ZIP, 9819, 20, 490.950000, 
data/Q2/after_1, 000240, 345, 365, SHVR, 14011, 20, 700.550000, ZIC, 17089, 20, 854.450000, ZIP, 9942, 20, 497.100000, 
data/Q2/after_1, 000240, 348, 353, SHVR, 14080, 20, 704.000000, ZIC, 17191, 20, 859.550000, ZIP, 9942, 20, 497.100000, 
data/Q2/after_1, 000241, 347, 352, SHVR, 14081, 20, 704.050000, ZIC, 17191, 20, 859.550000, ZIP, 10051, 20, 502.550000, 
data/Q2/after_1, 000241, 347, 349, SHVR, 14128, 20, 706.400000, ZIC, 17191, 20, 859.550000, ZIP, 10051, 20, 502.550000, 
data/Q2/after_1, 000241, 346, 348, SHVR, 14247, 20, 712.350000, ZIC, 17237, 20, 861.850000, ZIP, 10051, 20, 502.550000, 
data/Q2/after_1, 000241, 345, 348, SHVR, 14313, 20, 715.650000, ZIC, 17237, 20, 861.850000, ZIP, 10146, 20, 507.300000, 
data/Q2/after_1, 000241, 345, 349, SHVR, 14394, 20, 719.700000, ZIC, 17334, 20, 866.700000, ZIP, 10146, 20, 507.300000, 
data/Q2/after_1, 000241, 346, 348, SHVR, 14394, 20, 719.700000, ZIC, 17334, 20, 866.700000, ZIP, 10246, 20, 512.300000, 
data/Q2/after_1, 000241, 346, 348, SHVR, 14441, 20, 722.050000, ZIC, 17398, 20, 869.900000, ZIP, 10246, 20, 512.300000, 
data/Q2/after_1, 000241, 345, 347, SHVR, 14614, 20, 730.700000, ZIC, 17398, 20, 869.900000, ZIP, 10246, 20, 512.300000, 
data/Q2/after_1, 000242, 339, 347, SHVR, 14614, 20, 730.700000, ZIC, 17481, 20, 874.050000, ZIP, 10329, 20, 516.450000, 
data/Q2/after_1, 000242, 329, 345, SHVR, 14614, 20, 730.700000, ZIC, 17578, 20, 878.900000, ZIP, 10337, 20, 516.850000, 
data/Q2/after_1, 000242, 329, 343, SHVR, 14614, 20, 730.700000, ZIC, 17578, 20, 878.900000, ZIP, 10372, 20, 518.600000, 
data/Q2/after_1, 000243, 329, 336, SHVR, 14671, 20, 733.550000, ZIC, 17679, 20, 883.950000, ZIP, 10372, 20, 518.600000, 
data/Q2/after_1, 000244, 329, 335, SHVR, 14671, 20, 733.550000, ZIC, 17713, 20, 885.650000, ZIP, 10372, 20, 518.600000, 
data/Q2/after_1, 000244, 329, 334, SHVR, 14760, 20, 738.000000, ZIC, 17823, 20, 891.150000, ZIP, 10372, 20, 518.600000, 
data/Q2/after_1, 000245, 329, 333, SHVR, 14760, 20, 738.000000, ZIC, 17881, 20, 894.050000, ZIP, 10483, 20, 524.150000, 
data/Q2/after_1, 000246, 328, 332, SHVR, 14760, 20, 738.000000, ZIC, 17898, 20, 894.900000, ZIP, 10486, 20, 524.300000, 
data/Q2/after_1, 000248, 320, 334, SHVR, 14782, 20, 739.100000, ZIC, 17898, 20, 894.900000, ZIP, 10534, 20, 526.700000, 
data/Q2/after_1, 000249, 320, 339, SHVR, 14858, 20, 742.900000, ZIC, 18035, 20, 901.750000, ZIP, 10534, 20, 526.700000, 
data/Q2/after_1, 000250, 322, 355, SHVR, 14858, 20, 742.900000, ZIC, 18154, 20, 907.700000, ZIP, 10534, 20, 526.700000, 
data/Q2/after_1, 000251, 322, 357, SHVR, 14858, 20, 742.900000, ZIC, 18181, 20, 909.050000, ZIP, 10534, 20, 526.700000, 
data/Q2/after_1, 000255, 324, 332, SHVR, 14947, 20, 747.350000, ZIC, 18212, 20, 910.600000, ZIP, 10534, 20, 526.700000, 
data/Q2/after_1, 000255, 325, 328, SHVR, 14995, 20, 749.750000, ZIC, 18212, 20, 910.600000, ZIP, 10550, 20, 527.500000, 
data/Q2/after_1, 000255, 326, 330, SHVR, 15077, 20, 753.850000, ZIC, 18212, 20, 910.600000, ZIP, 10559, 20, 527.950000, 
data/Q2/after_1, 000256, 328, 329, SHVR, 15098, 20, 754.900000, ZIC, 18212, 20, 910.600000, ZIP, 10669, 20, 533.450000, 
data/Q2/after_1, 000256, 326, 329, SHVR, 15173, 20, 758.650000, ZIC, 18297, 20, 914.850000, ZIP, 10669, 20, 533.450000, 
data/Q2/after_1, 000256, 326, 331, SHVR, 15230, 20, 761.500000, ZIC, 18297, 20, 914.850000, ZIP, 10764, 20, 538.200000, 
data/Q2/after_1, 000256, 329, 331, SHVR, 15467, 20, 773.350000, ZIC, 18297, 20, 914.850000, ZIP, 10764, 20, 538.200000, 
data/Q2/after_1, 000256, 327, 331, SHVR, 15524, 20, 776.200000, ZIC, 18297, 20, 914.850000, ZIP, 10764, 20, 538.200000, 
data/Q2/after_1, 000257, 327, 330, SHVR, 15681, 20, 784.050000, ZIC, 18297, 20, 914.850000, ZIP, 10764, 20, 538.200000, 
data/Q2/after_1, 000257, 328, 330, SHVR, 15741, 20, 787.050000, ZIC, 18411, 20, 920.550000, ZIP, 10764, 20, 538.200000, 
data/Q2/after_1, 000257, 328, 331, SHVR, 15753, 20, 787.650000, ZIC, 18465, 20, 923.250000, ZIP, 10764, 20, 538.200000, 
data/Q2/after_1, 000257, 328, 334, SHVR, 15753, 20, 787.650000, ZIC, 18567, 20, 928.350000, ZIP, 10870, 20, 543.500000, 
data/Q2/after_1, 000258, 328, 337, SHVR, 15753, 20, 787.650000, ZIC, 18630, 20, 931.500000, ZIP, 10948, 20, 547.400000, 
data/Q2/after_1, 000258, 328, 337, SHVR, 15753, 20, 787.650000, ZIC, 18630, 20, 931.500000, ZIP, 11087, 20, 554.350000, 
data/Q2/after_1, 000258, 329, 338, SHVR, 15753, 20, 787.650000, ZIC, 18748, 20, 937.400000, ZIP, 11087, 20, 554.350000, 
data/Q2/after_1, 000259, 333, 339, SHVR, 15753, 20, 787.650000, ZIC, 18854, 20, 942.700000, ZIP, 11087, 20, 554.350000, 
data/Q2/after_1, 000259, 333, 360, SHVR, 15753, 20, 787.650000, ZIC, 18966, 20, 948.300000, ZIP, 11100, 20, 555.000000, 
data/Q2/after_1, 000259, 332, 360, SHVR, 15811, 20, 790.550000, ZIC, 18988, 20, 949.400000, ZIP, 11100, 20, 555.000000, 
data/Q2/after_1, 000259, 330, 360, SHVR, 15811, 20, 790.550000, ZIC, 18991, 20, 949.550000, ZIP, 11138, 20, 556.900000, 
data/Q2/after_1, 000260, 330, 366, SHVR, 15811, 20, 790.550000, ZIC, 19103, 20, 955.150000, ZIP, 11138, 20, 556.900000, 
data/Q2/after_1, 000261, 329, 362, SHVR, 15811, 20, 790.550000, ZIC, 19142, 20, 957.100000, ZIP, 11224, 20, 561.200000, 
data/Q2/after_1, 000263, 327, 341, SHVR, 15811, 20, 790.550000, ZIC, 19179, 20, 958.950000, ZIP, 11229, 20, 561.450000, 
data/Q2/after_1, 000263, 324, 366, SHVR, 15811, 20, 790.550000, ZIC, 19241, 20, 962.050000, ZIP, 11229, 20, 561.450000, 
data/Q2/after_1, 000264, 312, 366, SHVR, 15811, 20, 790.550000, ZIC, 19281, 20, 964.050000, ZIP, 11230, 20, 561.500000, 
data/Q2/after_1, 000270, 335, 346, SHVR, 15811, 20, 790.550000, ZIC, 19281, 20, 964.050000, ZIP, 11354, 20, 567.700000, 
data/Q2/after_1, 000270, 343, 345, SHVR, 16025, 20, 801.250000, ZIC, 19281, 20, 964.050000, ZIP, 11354, 20, 567.700000, 
data/Q2/after_1, 000270, 341, 345, SHVR, 16030, 20, 801.500000, ZIC, 19281, 20, 964.050000, ZIP, 11365, 20, 568.250000, 
data/Q2/after_1, 000270, 340, 346, SHVR, 16053, 20, 802.650000, ZIC, 19281, 20, 964.050000, ZIP, 11391, 20, 569.550000, 
data/Q2/after_1, 000271, 342, 346, SHVR, 16053, 20, 802.650000, ZIC, 19408, 20, 970.400000, ZIP, 11500, 20, 575.000000, 
data/Q2/after_1, 000271, 341, 343, SHVR, 16203, 20, 810.150000, ZIC, 19408, 20, 970.400000, ZIP, 11500, 20, 575.000000, 
data/Q2/after_1, 000271, 341, 343, SHVR, 16222, 20, 811.100000, ZIC, 19408, 20, 970.400000, ZIP, 11590, 20, 579.500000, 
data/Q2/after_1, 000271, 340, 343, SHVR, 16286, 20, 814.300000, ZIC, 19466, 20, 973.300000, ZIP, 11590, 20, 579.500000, 
data/Q2/after_1, 000271, 340, 344, SHVR, 16368, 20, 818.400000, ZIC, 19564, 20, 978.200000, ZIP, 11590, 20, 579.500000, 
data/Q2/after_1, 000271, 340, 345, SHVR, 16401, 20, 820.050000, ZIC, 19665, 20, 983.250000, ZIP, 11590, 20, 579.500000, 
data/Q2/after_1, 000271, 340, 344, SHVR, 16401, 20, 820.050000, ZIC, 19766, 20, 988.300000, ZIP, 11623, 20, 581.150000, 
data/Q2/after_1, 000272, 341, 344, SHVR, 16401, 20, 820.050000, ZIC, 19823, 20, 991.150000, ZIP, 11640, 20, 582.000000, 
data/Q2/after_1, 000272, 341, 345, SHVR, 16401, 20, 820.050000, ZIC, 19938, 20, 996.900000, ZIP, 11640, 20, 582.000000, 
data/Q2/after_1, 000272, 341, 343, SHVR, 16564, 20, 828.200000, ZIC, 19938, 20, 996.900000, ZIP, 11640, 20, 582.000000, 
data/Q2/after_1, 000273, 341, 347, SHVR, 16629, 20, 831.450000, ZIC, 19977, 20, 998.850000, ZIP, 11640, 20, 582.000000, 
data/Q2/after_1, 000274, 339, 345, SHVR, 16700, 20, 835.000000, ZIC, 19989, 20, 999.450000, ZIP, 11640, 20, 582.000000, 
data/Q2/after_1, 000275, 341, 345, SHVR, 16762, 20, 838.100000, ZIC, 20032, 20, 1001.600000, ZIP, 11640, 20, 582.000000, 
data/Q2/after_1, 000275, 339, 345, SHVR, 16762, 20, 838.100000, ZIC, 20069, 20, 1003.450000, ZIP, 11642, 20, 582.100000, 
data/Q2/after_1, 000276, 338, 345, SHVR, 16762, 20, 838.100000, ZIC, 20141, 20, 1007.050000, ZIP, 11730, 20, 586.500000, 
data/Q2/after_1, 000276, 338, 351, SHVR, 16762, 20, 838.100000, ZIC, 20245, 20, 1012.250000, ZIP, 11852, 20, 592.600000, 
data/Q2/after_1, 000278, 336, 344, SHVR, 16762, 20, 838.100000, ZIC, 20295, 20, 1014.750000, ZIP, 11936, 20, 596.800000, 
data/Q2/after_1, 000279, 326, 353, SHVR, 16762, 20, 838.100000, ZIC, 20316, 20, 1015.800000, ZIP, 11937, 20, 596.850000, 
data/Q2/after_1, 000285, None, 315, SHVR, 16802, 20, 840.100000, ZIC, 20316, 20, 1015.800000, ZIP, 11948, 20, 597.400000, 
data/Q2/after_1, 000285, None, 315, SHVR, 16835, 20, 841.750000, ZIC, 20316, 20, 1015.800000, ZIP, 11950, 20, 597.500000, 
data/Q2/after_1, 000285, None, 315, SHVR, 16915, 20, 845.750000, ZIC, 20316, 20, 1015.800000, ZIP, 12010, 20, 600.500000, 
data/Q2/after_1, 000286, 339, 353, SHVR, 16947, 20, 847.350000, ZIC, 20361, 20, 1018.050000, ZIP, 12010, 20, 600.500000, 
data/Q2/after_1, 000286, 345, 356, SHVR, 17033, 20, 851.650000, ZIC, 20482, 20, 1024.100000, ZIP, 12010, 20, 600.500000, 
data/Q2/after_1, 000286, 344, 356, SHVR, 17103, 20, 855.150000, ZIC, 20524, 20, 1026.200000, ZIP, 12010, 20, 600.500000, 
data/Q2/after_1, 000286, 346, 356, SHVR, 17103, 20, 855.150000, ZIC, 20561, 20, 1028.050000, ZIP, 12010, 20, 600.500000, 
data/Q2/after_1, 000286, 345, 356, SHVR, 17103, 20, 855.150000, ZIC, 20667, 20, 1033.350000, ZIP, 12092, 20, 604.600000, 
data/Q2/after_1, 000286, 344, 346, SHVR, 17258, 20, 862.900000, ZIC, 20667, 20, 1033.350000, ZIP, 12092, 20, 604.600000, 
data/Q2/after_1, 000286, 344, 345, SHVR, 17382, 20, 869.100000, ZIC, 20667, 20, 1033.350000, ZIP, 12092, 20, 604.600000, 
data/Q2/after_1, 000287, 344, 347, SHVR, 17471, 20, 873.550000, ZIC, 20679, 20, 1033.950000, ZIP, 12092, 20, 604.600000, 
data/Q2/after_1, 000287, 344, 347, SHVR, 17471, 20, 873.550000, ZIC, 20740, 20, 1037.000000, ZIP, 12172, 20, 608.600000, 
data/Q2/after_1, 000287, 328, 354, SHVR, 17471, 20, 873.550000, ZIC, 20790, 20, 1039.500000, ZIP, 12199, 20, 609.950000, 
data/Q2/after_1, 000287, 335, 347, SHVR, 17485, 20, 874.250000, ZIC, 20814, 20, 1040.700000, ZIP, 12199, 20, 609.950000, 
data/Q2/after_1, 000287, 336, 348, SHVR, 17485, 20, 874.250000, ZIC, 20922, 20, 1046.100000, ZIP, 12324, 20, 616.200000, 
data/Q2/after_1, 000288, 344, 346, SHVR, 17532, 20, 876.600000, ZIC, 20922, 20, 1046.100000, ZIP, 12336, 20, 616.800000, 
data/Q2/after_1, 000288, 344, 346, SHVR, 17591, 20, 879.550000, ZIC, 20922, 20, 1046.100000, ZIP, 12336, 20, 616.800000, 
data/Q2/after_1, 000288, 341, 346, SHVR, 17591, 20, 879.550000, ZIC, 21092, 20, 1054.600000, ZIP, 12336, 20, 616.800000, 
data/Q2/after_1, 000288, 341, 346, SHVR, 17591, 20, 879.550000, ZIC, 21190, 20, 1059.500000, ZIP, 12356, 20, 617.800000, 
data/Q2/after_1, 000289, 336, 346, SHVR, 17591, 20, 879.550000, ZIC, 21203, 20, 1060.150000, ZIP, 12360, 20, 618.000000, 
data/Q2/after_1, 000291, 339, 345, SHVR, 17591, 20, 879.550000, ZIC, 21239, 20, 1061.950000, ZIP, 12454, 20, 622.700000, 
data/Q2/after_1, 000293, 343, 346, SHVR, 17591, 20, 879.550000, ZIC, 21347, 20, 1067.350000, ZIP, 12576, 20, 628.800000, 
data/Q2/after_1, 000294, 339, 346, SHVR, 17659, 20, 882.950000, ZIC, 21393, 20, 1069.650000, ZIP, 12576, 20, 628.800000, 
data/Q2/after_1, 000296, 339, 357, SHVR, 17659, 20, 882.950000, ZIC, 21490, 20, 1074.500000, ZIP, 12684, 20, 634.200000, 
data/Q2/after_1, 000300, 339, 357, SHVR, 17659, 20, 882.950000, ZIC, 21490, 20, 1074.500000, ZIP, 12684, 20, 634.200000, 
