data/Q2/before_2, 000015, 269, 420, SHVR, 0, 20, 0.000000, ZIC, 62, 20, 3.100000, ZIP, 40, 20, 2.000000, 
data/Q2/before_2, 000015, None, 326, SHVR, 0, 20, 0.000000, ZIC, 62, 20, 3.100000, ZIP, 129, 20, 6.450000, 
data/Q2/before_2, 000015, 281, 308, SHVR, 5, 20, 0.250000, ZIC, 117, 20, 5.850000, ZIP, 129, 20, 6.450000, 
data/Q2/before_2, 000015, 281, 308, SHVR, 69, 20, 3.450000, ZIC, 186, 20, 9.300000, ZIP, 129, 20, 6.450000, 
data/Q2/before_2, 000015, 283, 303, SHVR, 152, 20, 7.600000, ZIC, 224, 20, 11.200000, ZIP, 129, 20, 6.450000, 
data/Q2/before_2, 000016, 284, 302, SHVR, 227, 20, 11.350000, ZIC, 276, 20, 13.800000, ZIP, 129, 20, 6.450000, 
data/Q2/before_2, 000016, 294, 301, SHVR, 260, 20, 13.000000, ZIC, 292, 20, 14.600000, ZIP, 129, 20, 6.450000, 
data/Q2/before_2, 000016, 295, 299, SHVR, 335, 20, 16.750000, ZIC, 356, 20, 17.800000, ZIP, 129, 20, 6.450000, 
data/Q2/before_2, 000016, 296, 301, SHVR, 345, 20, 17.250000, ZIC, 397, 20, 19.850000, ZIP, 129, 20, 6.450000, 
data/Q2/before_2, 000016, 298, 301, SHVR, 389, 20, 19.450000, ZIC, 397, 20, 19.850000, ZIP, 132, 20, 6.600000, 
data/Q2/before_2, 000017, 297, 302, SHVR, 509, 20, 25.450000, ZIC, 397, 20, 19.850000, ZIP, 132, 20, 6.600000, 
data/Q2/before_2, 000017, 298, 300, SHVR, 509, 20, 25.450000, ZIC, 397, 20, 19.850000, ZIP, 223, 20, 11.150000, 
data/Q2/before_2, 000017, 298, 301, SHVR, 579, 20, 28.950000, ZIC, 397, 20, 19.850000, ZIP, 223, 20, 11.150000, 
data/Q2/before_2, 000018, 298, 301, SHVR, 612, 20, 30.600000, ZIC, 422, 20, 21.100000, ZIP, 223, 20, 11.150000, 
data/Q2/before_2, 000018, 298, 301, SHVR, 714, 20, 35.700000, ZIC, 422, 20, 21.100000, ZIP, 223, 20, 11.150000, 
data/Q2/before_2, 000021, 298, 302, SHVR, 720, 20, 36.000000, ZIC, 422, 20, 21.100000, ZIP, 246, 20, 12.300000, 
data/Q2/before_2, 000022, 297, 303, SHVR, 720, 20, 36.000000, ZIC, 476, 20, 23.800000, ZIP, 290, 20, 14.500000, 
data/Q2/before_2, 000023, 297, 308, SHVR, 720, 20, 36.000000, ZIC, 532, 20, 26.600000, ZIP, 290, 20, 14.500000, 
data/Q2/before_2, 000030, 296, 306, SHVR, 720, 20, 36.000000, ZIC, 589, 20, 29.450000, ZIP, 372, 20, 18.600000, 
data/Q2/before_2, 000030, 299, 301, SHVR, 853, 20, 42.650000, ZIC, 589, 20, 29.450000, ZIP, 372, 20, 18.600000, 
data/Q2/before_2, 000030, 299, 302, SHVR, 908, 20, 45.400000, ZIC, 648, 20, 32.400000, ZIP, 372, 20, 18.600000, 
data/Q2/before_2, 000031, 299, 301, SHVR, 908, 20, 45.400000, ZIC, 714, 20, 35.700000, ZIP, 378, 20, 18.900000, 
data/Q2/before_2, 000031, 300, 302, SHVR, 962, 20, 48.100000, ZIC, 714, 20, 35.700000, ZIP, 378, 20, 18.900000, 
data/Q2/before_2, 000031, 299, 301, SHVR, 1005, 20, 50.250000, ZIC, 714, 20, 35.700000, ZIP, 378, 20, 18.900000, 
data/Q2/before_2, 000031, 299, 301, SHVR, 1005, 20, 50.250000, ZIC, 783, 20, 39.150000, ZIP, 400, 20, 20.000000, 
data/Q2/before_2, 000031, 296, 300, SHVR, 1154, 20, 57.700000, ZIC, 783, 20, 39.150000, ZIP, 400, 20, 20.000000, 
data/Q2/before_2, 000031, 297, 301, SHVR, 1214, 20, 60.700000, ZIC, 834, 20, 41.700000, ZIP, 400, 20, 20.000000, 
data/Q2/before_2, 000032, 297, 301, SHVR, 1249, 20, 62.450000, ZIC, 834, 20, 41.700000, ZIP, 414, 20, 20.700000, 
data/Q2/before_2, 000032, 300, 301, SHVR, 1314, 20, 65.700000, ZIC, 834, 20, 41.700000, ZIP, 453, 20, 22.650000, 
data/Q2/before_2, 000032, 296, 301, SHVR, 1325, 20, 66.250000, ZIC, 834, 20, 41.700000, ZIP, 483, 20, 24.150000, 
data/Q2/before_2, 000032, 296, 301, SHVR, 1374, 20, 68.700000, ZIC, 877, 20, 43.850000, ZIP, 483, 20, 24.150000, 
data/Q2/before_2, 000033, 299, 301, SHVR, 1421, 20, 71.050000, ZIC, 877, 20, 43.850000, ZIP, 487, 20, 24.350000, 
data/Q2/before_2, 000033, 299, 301, SHVR, 1421, 20, 71.050000, ZIC, 968, 20, 48.400000, ZIP, 553, 20, 27.650000, 
data/Q2/before_2, 000036, 300, 303, SHVR, 1421, 20, 71.050000, ZIC, 994, 20, 49.700000, ZIP, 553, 20, 27.650000, 
data/Q2/before_2, 000036, 298, 307, SHVR, 1421, 20, 71.050000, ZIC, 994, 20, 49.700000, ZIP, 609, 20, 30.450000, 
data/Q2/before_2, 000037, 298, 307, SHVR, 1421, 20, 71.050000, ZIC, 1009, 20, 50.450000, ZIP, 628, 20, 31.400000, 
data/Q2/before_2, 000045, 97, 406, SHVR, 1421, 20, 71.050000, ZIC, 1009, 20, 50.450000, ZIP, 666, 20, 33.300000, 
data/Q2/before_2, 000045, 302, 339, SHVR, 1421, 20, 71.050000, ZIC, 1042, 20, 52.100000, ZIP, 721, 20, 36.050000, 
data/Q2/before_2, 000045, 302, 337, SHVR, 1421, 20, 71.050000, ZIC, 1174, 20, 58.700000, ZIP, 721, 20, 36.050000, 
data/Q2/before_2, 000045, 304, 336, SHVR, 1421, 20, 71.050000, ZIC, 1216, 20, 60.800000, ZIP, 735, 20, 36.750000, 
data/Q2/before_2, 000045, 305, 334, SHVR, 1426, 20, 71.300000, ZIC, 1216, 20, 60.800000, ZIP, 828, 20, 41.400000, 
data/Q2/before_2, 000045, 315, 335, SHVR, 1537, 20, 76.850000, ZIC, 1259, 20, 62.950000, ZIP, 828, 20, 41.400000, 
data/Q2/before_2, 000046, 318, 321, SHVR, 1641, 20, 82.050000, ZIC, 1259, 20, 62.950000, ZIP, 828, 20, 41.400000, 
data/Q2/before_2, 000046, 318, 321, SHVR, 1763, 20, 88.150000, ZIC, 1259, 20, 62.950000, ZIP, 828, 20, 41.400000, 
data/Q2/before_2, 000046, 318, 329, SHVR, 1763, 20, 88.150000, ZIC, 1295, 20, 64.750000, ZIP, 885, 20, 44.250000, 
data/Q2/before_2, 000046, 323, 325, SHVR, 1849, 20, 92.450000, ZIC, 1323, 20, 66.150000, ZIP, 885, 20, 44.250000, 
data/Q2/before_2, 000046, 322, 325, SHVR, 1886, 20, 94.300000, ZIC, 1323, 20, 66.150000, ZIP, 891, 20, 44.550000, 
data/Q2/before_2, 000047, 318, 325, SHVR, 1886, 20, 94.300000, ZIC, 1412, 20, 70.600000, ZIP, 939, 20, 46.950000, 
data/Q2/before_2, 000047, 322, 325, SHVR, 1940, 20, 97.000000, ZIC, 1412, 20, 70.600000, ZIP, 939, 20, 46.950000, 
data/Q2/before_2, 000048, 321, 325, SHVR, 1947, 20, 97.350000, ZIC, 1504, 20, 75.200000, ZIP, 939, 20, 46.950000, 
data/Q2/before_2, 000048, 321, 325, SHVR, 2044, 20, 102.200000, ZIC, 1517, 20, 75.850000, ZIP, 939, 20, 46.950000, 
data/Q2/before_2, 000048, 317, 323, SHVR, 2120, 20, 106.000000, ZIC, 1517, 20, 75.850000, ZIP, 940, 20, 47.000000, 
data/Q2/before_2, 000049, 317, 320, SHVR, 2120, 20, 106.000000, ZIC, 1579, 20, 78.950000, ZIP, 941, 20, 47.050000, 
data/Q2/before_2, 000049, 316, 318, SHVR, 2157, 20, 107.850000, ZIC, 1579, 20, 78.950000, ZIP, 941, 20, 47.050000, 
data/Q2/before_2, 000052, 312, 321, SHVR, 2188, 20, 109.400000, ZIC, 1579, 20, 78.950000, ZIP, 942, 20, 47.100000, 
data/Q2/before_2, 000060, 314, 317, SHVR, 2243, 20, 112.150000, ZIC, 1635, 20, 81.750000, ZIP, 942, 20, 47.100000, 
data/Q2/before_2, 000060, 314, 316, SHVR, 2266, 20, 113.300000, ZIC, 1635, 20, 81.750000, ZIP, 942, 20, 47.100000, 
data/Q2/before_2, 000060, 311, 315, SHVR, 2358, 20, 117.900000, ZIC, 1635, 20, 81.750000, ZIP, 959, 20, 47.950000, 
data/Q2/before_2, 000060, 311, 314, SHVR, 2444, 20, 122.200000, ZIC, 1635, 20, 81.750000, ZIP, 963, 20, 48.150000, 
data/Q2/before_2, 000061, 311, 314, SHVR, 2498, 20, 124.900000, ZIC, 1739, 20, 86.950000, ZIP, 963, 20, 48.150000, 
data/Q2/before_2, 000061, 311, 315, SHVR, 2498, 20, 124.900000, ZIC, 1779, 20, 88.950000, ZIP, 1004, 20, 50.200000, 
data/Q2/before_2, 000061, 312, 314, SHVR, 2575, 20, 128.750000, ZIC, 1779, 20, 88.950000, ZIP, 1004, 20, 50.200000, 
data/Q2/before_2, 000061, 312, 313, SHVR, 2619, 20, 130.950000, ZIC, 1854, 20, 92.700000, ZIP, 1004, 20, 50.200000, 
data/Q2/before_2, 000061, 311, 313, SHVR, 2689, 20, 134.450000, ZIC, 1854, 20, 92.700000, ZIP, 1014, 20, 50.700000, 
data/Q2/before_2, 000061, 311, 313, SHVR, 2746, 20, 137.300000, ZIC, 1854, 20, 92.700000, ZIP, 1014, 20, 50.700000, 
data/Q2/before_2, 000062, 311, 313, SHVR, 2768, 20, 138.400000, ZIC, 1898, 20, 94.900000, ZIP, 1014, 20, 50.700000, 
data/Q2/before_2, 000063, 310, 313, SHVR, 2768, 20, 138.400000, ZIC, 1898, 20, 94.900000, ZIP, 1050, 20, 52.500000, 
data/Q2/before_2, 000063, 310, 313, SHVR, 2768, 20, 138.400000, ZIC, 1928, 20, 96.400000, ZIP, 1099, 20, 54.950000, 
data/Q2/before_2, 000065, 310, 314, SHVR, 2829, 20, 141.450000, ZIC, 1928, 20, 96.400000, ZIP, 1099, 20, 54.950000, 
data/Q2/before_2, 000065, 309, 313, SHVR, 2829, 20, 141.450000, ZIC, 1957, 20, 97.850000, ZIP, 1155, 20, 57.750000, 
data/Q2/before_2, 000065, 309, 313, SHVR, 2829, 20, 141.450000, ZIC, 2023, 20, 101.150000, ZIP, 1171, 20, 58.550000, 
data/Q2/before_2, 000066, 307, 311, SHVR, 2829, 20, 141.450000, ZIC, 2101, 20, 105.050000, ZIP, 1178, 20, 58.900000, 
data/Q2/before_2, 000068, 309, 311, SHVR, 2896, 20, 144.800000, ZIC, 2150, 20, 107.500000, ZIP, 1178, 20, 58.900000, 
data/Q2/before_2, 000068, 305, 314, SHVR, 2896, 20, 144.800000, ZIC, 2150, 20, 107.500000, ZIP, 1210, 20, 60.500000, 
data/Q2/before_2, 000075, 307, 500, SHVR, 2947, 20, 147.350000, ZIC, 2150, 20, 107.500000, ZIP, 1259, 20, 62.950000, 
data/Q2/before_2, 000075, 307, 500, SHVR, 2947, 20, 147.350000, ZIC, 2187, 20, 109.350000, ZIP, 1259, 20, 62.950000, 
data/Q2/before_2, 000075, 308, 498, SHVR, 2947, 20, 147.350000, ZIC, 2306, 20, 115.300000, ZIP, 1259, 20, 62.950000, 
data/Q2/before_2, 000075, 309, 322, SHVR, 3002, 20, 150.100000, ZIC, 2383, 20, 119.150000, ZIP, 1259, 20, 62.950000, 
data/Q2/before_2, 000075, 310, 312, SHVR, 3060, 20, 153.000000, ZIC, 2383, 20, 119.150000, ZIP, 1278, 20, 63.900000, 
data/Q2/before_2, 000075, 309, 311, SHVR, 3145, 20, 157.250000, ZIC, 2383, 20, 119.150000, ZIP, 1278, 20, 63.900000, 
data/Q2/before_2, 000076, 310, 313, SHVR, 3271, 20, 163.550000, ZIC, 2383, 20, 119.150000, ZIP, 1278, 20, 63.900000, 
data/Q2/before_2, 000076, 310, 313, SHVR, 3288, 20, 164.400000, ZIC, 2458, 20, 122.900000, ZIP, 1278, 20, 63.900000, 
data/Q2/before_2, 000076, 309, 312, SHVR, 3321, 20, 166.050000, ZIC, 2458, 20, 122.900000, ZIP, 1377, 20, 68.850000, 
data/Q2/before_2, 000076, 309, 313, SHVR, 3384, 20, 169.200000, ZIC, 2458, 20, 122.900000, ZIP, 1435, 20, 71.750000, 
data/Q2/before_2, 000076, 309, 314, SHVR, 3384, 20, 169.200000, ZIC, 2538, 20, 126.900000, ZIP, 1435, 20, 71.750000, 
data/Q2/before_2, 000077, 310, 313, SHVR, 3469, 20, 173.450000, ZIC, 2564, 20, 128.200000, ZIP, 1435, 20, 71.750000, 
data/Q2/before_2, 000077, 309, 311, SHVR, 3541, 20, 177.050000, ZIC, 2564, 20, 128.200000, ZIP, 1445, 20, 72.250000, 
data/Q2/before_2, 000077, 309, 312, SHVR, 3559, 20, 177.950000, ZIC, 2564, 20, 128.200000, ZIP, 1445, 20, 72.250000, 
data/Q2/before_2, 000078, 309, 312, SHVR, 3559, 20, 177.950000, ZIC, 2606, 20, 130.300000, ZIP, 1453, 20, 72.650000, 
data/Q2/before_2, 000079, 309, 310, SHVR, 3602, 20, 180.100000, ZIC, 2606, 20, 130.300000, ZIP, 1465, 20, 73.250000, 
data/Q2/before_2, 000080, 309, 312, SHVR, 3602, 20, 180.100000, ZIC, 2637, 20, 131.850000, ZIP, 1480, 20, 74.000000, 
data/Q2/before_2, 000081, 307, 310, SHVR, 3602, 20, 180.100000, ZIC, 2735, 20, 136.750000, ZIP, 1482, 20, 74.100000, 
data/Q2/before_2, 000083, 308, 310, SHVR, 3604, 20, 180.200000, ZIC, 2735, 20, 136.750000, ZIP, 1506, 20, 75.300000, 
data/Q2/before_2, 000090, 206, 466, SHVR, 3604, 20, 180.200000, ZIC, 2765, 20, 138.250000, ZIP, 1581, 20, 79.050000, 
data/Q2/before_2, 000090, 279, 310, SHVR, 3693, 20, 184.650000, ZIC, 2765, 20, 138.250000, ZIP, 1585, 20, 79.250000, 
data/Q2/before_2, 000091, 290, 293, SHVR, 3795, 20, 189.750000, ZIC, 2765, 20, 138.250000, ZIP, 1585, 20, 79.250000, 
data/Q2/before_2, 000091, 292, 294, SHVR, 3879, 20, 193.950000, ZIC, 2765, 20, 138.250000, ZIP, 1585, 20, 79.250000, 
data/Q2/before_2, 000091, 293, 295, SHVR, 3885, 20, 194.250000, ZIC, 2807, 20, 140.350000, ZIP, 1585, 20, 79.250000, 
data/Q2/before_2, 000091, 292, 294, SHVR, 3984, 20, 199.200000, ZIC, 2807, 20, 140.350000, ZIP, 1585, 20, 79.250000, 
data/Q2/before_2, 000091, 292, 294, SHVR, 4022, 20, 201.100000, ZIC, 2807, 20, 140.350000, ZIP, 1585, 20, 79.250000, 
data/Q2/before_2, 000091, 292, 295, SHVR, 4022, 20, 201.100000, ZIC, 2807, 20, 140.350000, ZIP, 1618, 20, 80.900000, 
data/Q2/before_2, 000092, 293, 295, SHVR, 4135, 20, 206.750000, ZIC, 2807, 20, 140.350000, ZIP, 1618, 20, 80.900000, 
data/Q2/before_2, 000092, 291, 294, SHVR, 4135, 20, 206.750000, ZIC, 2870, 20, 143.500000, ZIP, 1642, 20, 82.100000, 
data/Q2/before_2, 000092, 291, 295, SHVR, 4135, 20, 206.750000, ZIC, 2870, 20, 143.500000, ZIP, 1752, 20, 87.600000, 
data/Q2/before_2, 000093, 291, 294, SHVR, 4199, 20, 209.950000, ZIC, 2870, 20, 143.500000, ZIP, 1827, 20, 91.350000, 
data/Q2/before_2, 000093, 291, 293, SHVR, 4273, 20, 213.650000, ZIC, 2870, 20, 143.500000, ZIP, 1858, 20, 92.900000, 
data/Q2/before_2, 000094, 291, 295, SHVR, 4302, 20, 215.100000, ZIC, 2877, 20, 143.850000, ZIP, 1858, 20, 92.900000, 
data/Q2/before_2, 000094, 291, 303, SHVR, 4302, 20, 215.100000, ZIC, 2925, 20, 146.250000, ZIP, 1858, 20, 92.900000, 
data/Q2/before_2, 000094, 291, 309, SHVR, 4302, 20, 215.100000, ZIC, 2995, 20, 149.750000, ZIP, 1860, 20, 93.000000, 
data/Q2/before_2, 000095, 297, 306, SHVR, 4302, 20, 215.100000, ZIC, 3012, 20, 150.600000, ZIP, 1865, 20, 93.250000, 
data/Q2/before_2, 000095, 295, 306, SHVR, 4302, 20, 215.100000, ZIC, 3056, 20, 152.800000, ZIP, 1899, 20, 94.950000, 
data/Q2/before_2, 000095, 294, 309, SHVR, 4302, 20, 215.100000, ZIC, 3118, 20, 155.900000, ZIP, 1923, 20, 96.150000, 
data/Q2/before_2, 000096, 296, 320, SHVR, 4302, 20, 215.100000, ZIC, 3171, 20, 158.550000, ZIP, 1923, 20, 96.150000, 
data/Q2/before_2, 000101, 301, 325, SHVR, 4302, 20, 215.100000, ZIC, 3208, 20, 160.400000, ZIP, 1923, 20, 96.150000, 
data/Q2/before_2, 000105, None, 441, SHVR, 4302, 20, 215.100000, ZIC, 3208, 20, 160.400000, ZIP, 2041, 20, 102.050000, 
data/Q2/before_2, 000105, 316, 347, SHVR, 4302, 20, 215.100000, ZIC, 3310, 20, 165.500000, ZIP, 2045, 20, 102.250000, 
data/Q2/before_2, 000105, 320, 334, SHVR, 4326, 20, 216.300000, ZIC, 3310, 20, 165.500000, ZIP, 2079, 20, 103.950000, 
data/Q2/before_2, 000106, 320, 332, SHVR, 4377, 20, 218.850000, ZIC, 3396, 20, 169.800000, ZIP, 2079, 20, 103.950000, 
data/Q2/before_2, 000106, 322, 324, SHVR, 4447, 20, 222.350000, ZIC, 3396, 20, 169.800000, ZIP, 2079, 20, 103.950000, 
data/Q2/before_2, 000106, 321, 324, SHVR, 4471, 20, 223.550000, ZIC, 3509, 20, 175.450000, ZIP, 2079, 20, 103.950000, 
data/Q2/before_2, 000107, 321, 323, SHVR, 4559, 20, 227.950000, ZIC, 3509, 20, 175.450000, ZIP, 2079, 20, 103.950000, 
data/Q2/before_2, 000107, 320, 323, SHVR, 4602, 20, 230.100000, ZIC, 3576, 20, 178.800000, ZIP, 2079, 20, 103.950000, 
data/Q2/before_2, 000107, 318, 321, SHVR, 4694, 20, 234.700000, ZIC, 3576, 20, 178.800000, ZIP, 2080, 20, 104.000000, 
data/Q2/before_2, 000107, 318, 321, SHVR, 4771, 20, 238.550000, ZIC, 3633, 20, 181.650000, ZIP, 2080, 20, 104.000000, 
data/Q2/before_2, 000107, 318, 321, SHVR, 4796, 20, 239.800000, ZIC, 3633, 20, 181.650000, ZIP, 2081, 20, 104.050000, 
data/Q2/before_2, 000108, 316, 319, SHVR, 4860, 20, 243.000000, ZIC, 3633, 20, 181.650000, ZIP, 2083, 20, 104.150000, 
data/Q2/before_2, 000108, 309, 319, SHVR, 4955, 20, 247.750000, ZIC, 3633, 20, 181.650000, ZIP, 2084, 20, 104.200000, 
data/Q2/before_2, 000110, 307, 310, SHVR, 4999, 20, 249.950000, ZIC, 3633, 20, 181.650000, ZIP, 2085, 20, 104.250000, 
data/Q2/before_2, 000110, 307, 311, SHVR, 5015, 20, 250.750000, ZIC, 3674, 20, 183.700000, ZIP, 2085, 20, 104.250000, 
data/Q2/before_2, 000111, 307, 313, SHVR, 5015, 20, 250.750000, ZIC, 3725, 20, 186.250000, ZIP, 2098, 20, 104.900000, 
data/Q2/before_2, 000115, 307, 310, SHVR, 5015, 20, 250.750000, ZIC, 3773, 20, 188.650000, ZIP, 2132, 20, 106.600000, 
data/Q2/before_2, 000116, 307, 308, SHVR, 5015, 20, 250.750000, ZIC, 3773, 20, 188.650000, ZIP, 2133, 20, 106.650000, 
data/Q2/before_2, 000117, 303, 308, SHVR, 5015, 20, 250.750000, ZIC, 3809, 20, 190.450000, ZIP, 2181, 20, 109.050000, 
data/Q2/before_2, 000120, 307, 355, SHVR, 5015, 20, 250.750000, ZIC, 3809, 20, 190.450000, ZIP, 2212, 20, 110.600000, 
data/Q2/before_2, 000120, 307, 313, SHVR, 5054, 20, 252.700000, ZIC, 3906, 20, 195.300000, ZIP, 2212, 20, 110.600000, 
data/Q2/before_2, 000120, 308, 313, SHVR, 5054, 20, 252.700000, ZIC, 3944, 20, 197.200000, ZIP, 2261, 20, 113.050000, 
data/Q2/before_2, 000120, 311, 313, SHVR, 5072, 20, 253.600000, ZIC, 3944, 20, 197.200000, ZIP, 2261, 20, 113.050000, 
data/Q2/before_2, 000120, 311, 316, SHVR, 5072, 20, 253.600000, ZIC, 3969, 20, 198.450000, ZIP, 2361, 20, 118.050000, 
data/Q2/before_2, 000121, 311, 313, SHVR, 5182, 20, 259.100000, ZIC, 3969, 20, 198.450000, ZIP, 2361, 20, 118.050000, 
data/Q2/before_2, 000121, 311, 312, SHVR, 5225, 20, 261.250000, ZIC, 3969, 20, 198.450000, ZIP, 2419, 20, 120.950000, 
data/Q2/before_2, 000121, 311, 313, SHVR, 5277, 20, 263.850000, ZIC, 3969, 20, 198.450000, ZIP, 2433, 20, 121.650000, 
data/Q2/before_2, 000121, 311, 313, SHVR, 5381, 20, 269.050000, ZIC, 3969, 20, 198.450000, ZIP, 2433, 20, 121.650000, 
data/Q2/before_2, 000121, 311, 316, SHVR, 5524, 20, 276.200000, ZIC, 3969, 20, 198.450000, ZIP, 2433, 20, 121.650000, 
data/Q2/before_2, 000122, 310, 311, SHVR, 5616, 20, 280.800000, ZIC, 3969, 20, 198.450000, ZIP, 2460, 20, 123.000000, 
data/Q2/before_2, 000123, 310, 312, SHVR, 5680, 20, 284.000000, ZIC, 3969, 20, 198.450000, ZIP, 2461, 20, 123.050000, 
data/Q2/before_2, 000123, 310, 314, SHVR, 5699, 20, 284.950000, ZIC, 3969, 20, 198.450000, ZIP, 2471, 20, 123.550000, 
data/Q2/before_2, 000124, 307, 312, SHVR, 5699, 20, 284.950000, ZIC, 3969, 20, 198.450000, ZIP, 2514, 20, 125.700000, 
data/Q2/before_2, 000124, 307, 314, SHVR, 5725, 20, 286.250000, ZIC, 4014, 20, 200.700000, ZIP, 2514, 20, 125.700000, 
data/Q2/before_2, 000126, 307, 316, SHVR, 5725, 20, 286.250000, ZIC, 4030, 20, 201.500000, ZIP, 2552, 20, 127.600000, 
data/Q2/before_2, 000126, 307, 325, SHVR, 5725, 20, 286.250000, ZIC, 4091, 20, 204.550000, ZIP, 2552, 20, 127.600000, 
data/Q2/before_2, 000126, 307, 325, SHVR, 5725, 20, 286.250000, ZIC, 4161, 20, 208.050000, ZIP, 2552, 20, 127.600000, 
data/Q2/before_2, 000127, 307, 336, SHVR, 5725, 20, 286.250000, ZIC, 4179, 20, 208.950000, ZIP, 2552, 20, 127.600000, 
data/Q2/before_2, 000128, 305, 336, SHVR, 5725, 20, 286.250000, ZIC, 4252, 20, 212.600000, ZIP, 2563, 20, 128.150000, 
data/Q2/before_2, 000128, 305, 349, SHVR, 5725, 20, 286.250000, ZIC, 4276, 20, 213.800000, ZIP, 2563, 20, 128.150000, 
data/Q2/before_2, 000130, 302, 330, SHVR, 5725, 20, 286.250000, ZIC, 4297, 20, 214.850000, ZIP, 2566, 20, 128.300000, 
data/Q2/before_2, 000130, 293, 355, SHVR, 5725, 20, 286.250000, ZIC, 4340, 20, 217.000000, ZIP, 2567, 20, 128.350000, 
data/Q2/before_2, 000135, 301, 326, SHVR, 5725, 20, 286.250000, ZIC, 4412, 20, 220.600000, ZIP, 2580, 20, 129.000000, 
data/Q2/before_2, 000135, 308, 310, SHVR, 5810, 20, 290.500000, ZIC, 4412, 20, 220.600000, ZIP, 2593, 20, 129.650000, 
data/Q2/before_2, 000135, 308, 311, SHVR, 5882, 20, 294.100000, ZIC, 4412, 20, 220.600000, ZIP, 2593, 20, 129.650000, 
data/Q2/before_2, 000135, 306, 309, SHVR, 5941, 20, 297.050000, ZIC, 4412, 20, 220.600000, ZIP, 2599, 20, 129.950000, 
data/Q2/before_2, 000136, 306, 310, SHVR, 5960, 20, 298.000000, ZIC, 4412, 20, 220.600000, ZIP, 2624, 20, 131.200000, 
data/Q2/before_2, 000136, 306, 309, SHVR, 5999, 20, 299.950000, ZIC, 4463, 20, 223.150000, ZIP, 2624, 20, 131.200000, 
data/Q2/before_2, 000136, 307, 309, SHVR, 6131, 20, 306.550000, ZIC, 4463, 20, 223.150000, ZIP, 2624, 20, 131.200000, 
data/Q2/before_2, 000136, 307, 309, SHVR, 6205, 20, 310.250000, ZIC, 4463, 20, 223.150000, ZIP, 2624, 20, 131.200000, 
data/Q2/before_2, 000136, 307, 309, SHVR, 6205, 20, 310.250000, ZIC, 4530, 20, 226.500000, ZIP, 2624, 20, 131.200000, 
data/Q2/before_2, 000136, 306, 309, SHVR, 6205, 20, 310.250000, ZIC, 4530, 20, 226.500000, ZIP, 2627, 20, 131.350000, 
data/Q2/before_2, 000137, 306, 309, SHVR, 6292, 20, 314.600000, ZIC, 4572, 20, 228.600000, ZIP, 2627, 20, 131.350000, 
data/Q2/before_2, 000137, 306, 308, SHVR, 6314, 20, 315.700000, ZIC, 4572, 20, 228.600000, ZIP, 2663, 20, 133.150000, 
data/Q2/before_2, 000137, 306, 308, SHVR, 6314, 20, 315.700000, ZIC, 4626, 20, 231.300000, ZIP, 2676, 20, 133.800000, 
data/Q2/before_2, 000138, 305, 308, SHVR, 6314, 20, 315.700000, ZIC, 4720, 20, 236.000000, ZIP, 2706, 20, 135.300000, 
data/Q2/before_2, 000139, 305, 308, SHVR, 6417, 20, 320.850000, ZIC, 4720, 20, 236.000000, ZIP, 2706, 20, 135.300000, 
data/Q2/before_2, 000139, 305, 308, SHVR, 6417, 20, 320.850000, ZIC, 4790, 20, 239.500000, ZIP, 2769, 20, 138.450000, 
data/Q2/before_2, 000139, 304, 309, SHVR, 6417, 20, 320.850000, ZIC, 4837, 20, 241.850000, ZIP, 2860, 20, 143.000000, 
data/Q2/before_2, 000141, 303, 307, SHVR, 6417, 20, 320.850000, ZIC, 4868, 20, 243.400000, ZIP, 2904, 20, 145.200000, 
data/Q2/before_2, 000143, 301, 307, SHVR, 6417, 20, 320.850000, ZIC, 4887, 20, 244.350000, ZIP, 2920, 20, 146.000000, 
data/Q2/before_2, 000149, 304, 316, SHVR, 6417, 20, 320.850000, ZIC, 4919, 20, 245.950000, ZIP, 2950, 20, 147.500000, 
data/Q2/before_2, 000150, 302, 307, SHVR, 6417, 20, 320.850000, ZIC, 5010, 20, 250.500000, ZIP, 3014, 20, 150.700000, 
data/Q2/before_2, 000150, 299, 303, SHVR, 6491, 20, 324.550000, ZIC, 5010, 20, 250.500000, ZIP, 3028, 20, 151.400000, 
data/Q2/before_2, 000150, 301, 302, SHVR, 6596, 20, 329.800000, ZIC, 5010, 20, 250.500000, ZIP, 3028, 20, 151.400000, 
data/Q2/before_2, 000150, 300, 302, SHVR, 6604, 20, 330.200000, ZIC, 5010, 20, 250.500000, ZIP, 3049, 20, 152.450000, 
data/Q2/before_2, 000151, 301, 303, SHVR, 6604, 20, 330.200000, ZIC, 5010, 20, 250.500000, ZIP, 3092, 20, 154.600000, 
data/Q2/before_2, 000151, 301, 304, SHVR, 6617, 20, 330.850000, ZIC, 5059, 20, 252.950000, ZIP, 3092, 20, 154.600000, 
data/Q2/before_2, 000151, 300, 304, SHVR, 6689, 20, 334.450000, ZIC, 5127, 20, 256.350000, ZIP, 3092, 20, 154.600000, 
data/Q2/before_2, 000151, 302, 304, SHVR, 6813, 20, 340.650000, ZIC, 5127, 20, 256.350000, ZIP, 3092, 20, 154.600000, 
data/Q2/before_2, 000151, 302, 303, SHVR, 6841, 20, 342.050000, ZIC, 5127, 20, 256.350000, ZIP, 3182, 20, 159.100000, 
data/Q2/before_2, 000151, 302, 303, SHVR, 6848, 20, 342.400000, ZIC, 5127, 20, 256.350000, ZIP, 3224, 20, 161.200000, 
data/Q2/before_2, 000152, 299, 303, SHVR, 6886, 20, 344.300000, ZIC, 5127, 20, 256.350000, ZIP, 3255, 20, 162.750000, 
data/Q2/before_2, 000152, 298, 303, SHVR, 6886, 20, 344.300000, ZIC, 5143, 20, 257.150000, ZIP, 3256, 20, 162.800000, 
data/Q2/before_2, 000153, 299, 301, SHVR, 6995, 20, 349.750000, ZIC, 5143, 20, 257.150000, ZIP, 3256, 20, 162.800000, 
data/Q2/before_2, 000153, 299, 303, SHVR, 7121, 20, 356.050000, ZIC, 5143, 20, 257.150000, ZIP, 3256, 20, 162.800000, 
data/Q2/before_2, 000153, 297, 303, SHVR, 7121, 20, 356.050000, ZIC, 5185, 20, 259.250000, ZIP, 3288, 20, 164.400000, 
data/Q2/before_2, 000153, 295, 303, SHVR, 7121, 20, 356.050000, ZIC, 5248, 20, 262.400000, ZIP, 3295, 20, 164.750000, 
data/Q2/before_2, 000154, 295, 304, SHVR, 7121, 20, 356.050000, ZIC, 5304, 20, 265.200000, ZIP, 3299, 20, 164.950000, 
data/Q2/before_2, 000155, 295, 304, SHVR, 7121, 20, 356.050000, ZIC, 5355, 20, 267.750000, ZIP, 3302, 20, 165.100000, 
data/Q2/before_2, 000158, 295, 307, SHVR, 7121, 20, 356.050000, ZIC, 5427, 20, 271.350000, ZIP, 3327, 20, 166.350000, 
data/Q2/before_2, 000158, 295, 316, SHVR, 7121, 20, 356.050000, ZIC, 5457, 20, 272.850000, ZIP, 3327, 20, 166.350000, 
data/Q2/before_2, 000162, 295, 324, SHVR, 7121, 20, 356.050000, ZIC, 5485, 20, 274.250000, ZIP, 3327, 20, 166.350000, 
data/Q2/before_2, 000165, 298, 311, SHVR, 7121, 20, 356.050000, ZIC, 5485, 20, 274.250000, ZIP, 3419, 20, 170.950000, 
data/Q2/before_2, 000165, 305, 310, SHVR, 7173, 20, 358.650000, ZIC, 5558, 20, 277.900000, ZIP, 3419, 20, 170.950000, 
data/Q2/before_2, 000166, 307, 309, SHVR, 7306, 20, 365.300000, ZIC, 5558, 20, 277.900000, ZIP, 3419, 20, 170.950000, 
data/Q2/before_2, 000166, 307, 309, SHVR, 7352, 20, 367.600000, ZIC, 5558, 20, 277.900000, ZIP, 3419, 20, 170.950000, 
data/Q2/before_2, 000166, 306, 308, SHVR, 7354, 20, 367.700000, ZIC, 5558, 20, 277.900000, ZIP, 3444, 20, 172.200000, 
data/Q2/before_2, 000166, 305, 307, SHVR, 7432, 20, 371.600000, ZIC, 5558, 20, 277.900000, ZIP, 3474, 20, 173.700000, 
data/Q2/before_2, 000166, 306, 310, SHVR, 7554, 20, 377.700000, ZIC, 5558, 20, 277.900000, ZIP, 3474, 20, 173.700000, 
data/Q2/before_2, 000166, 306, 310, SHVR, 7578, 20, 378.900000, ZIC, 5558, 20, 277.900000, ZIP, 3511, 20, 175.550000, 
data/Q2/before_2, 000166, 305, 310, SHVR, 7639, 20, 381.950000, ZIC, 5657, 20, 282.850000, ZIP, 3511, 20, 175.550000, 
data/Q2/before_2, 000166, 303, 309, SHVR, 7639, 20, 381.950000, ZIC, 5709, 20, 285.450000, ZIP, 3514, 20, 175.700000, 
data/Q2/before_2, 000167, 303, 309, SHVR, 7639, 20, 381.950000, ZIC, 5709, 20, 285.450000, ZIP, 3531, 20, 176.550000, 
data/Q2/before_2, 000167, 304, 306, SHVR, 7732, 20, 386.600000, ZIC, 5709, 20, 285.450000, ZIP, 3531, 20, 176.550000, 
data/Q2/before_2, 000167, 304, 306, SHVR, 7732, 20, 386.600000, ZIC, 5784, 20, 289.200000, ZIP, 3549, 20, 177.450000, 
data/Q2/before_2, 000167, 304, 307, SHVR, 7795, 20, 389.750000, ZIC, 5784, 20, 289.200000, ZIP, 3563, 20, 178.150000, 
data/Q2/before_2, 000168, 290, 305, SHVR, 7808, 20, 390.400000, ZIC, 5784, 20, 289.200000, ZIP, 3574, 20, 178.700000, 
data/Q2/before_2, 000169, 291, 305, SHVR, 7824, 20, 391.200000, ZIC, 5819, 20, 290.950000, ZIP, 3574, 20, 178.700000, 
data/Q2/before_2, 000169, 291, 305, SHVR, 7824, 20, 391.200000, ZIC, 5877, 20, 293.850000, ZIP, 3576, 20, 178.800000, 
data/Q2/before_2, 000169, 303, 305, SHVR, 7824, 20, 391.200000, ZIC, 5914, 20, 295.700000, ZIP, 3663, 20, 183.150000, 
data/Q2/before_2, 000171, 291, 320, SHVR, 7824, 20, 391.200000, ZIC, 5914, 20, 295.700000, ZIP, 3704, 20, 185.200000, 
data/Q2/before_2, 000171, 291, 320, SHVR, 7824, 20, 391.200000, ZIC, 5969, 20, 298.450000, ZIP, 3704, 20, 185.200000, 
data/Q2/before_2, 000173, 315, 333, SHVR, 7824, 20, 391.200000, ZIC, 6005, 20, 300.250000, ZIP, 3705, 20, 185.250000, 
data/Q2/before_2, 000175, 293, 340, SHVR, 7824, 20, 391.200000, ZIC, 6021, 20, 301.050000, ZIP, 3705, 20, 185.250000, 
data/Q2/before_2, 000179, 293, 340, SHVR, 7824, 20, 391.200000, ZIC, 6093, 20, 304.650000, ZIP, 3705, 20, 185.250000, 
data/Q2/before_2, 000180, 301, 303, SHVR, 7837, 20, 391.850000, ZIC, 6093, 20, 304.650000, ZIP, 3721, 20, 186.050000, 
data/Q2/before_2, 000180, 302, 304, SHVR, 7872, 20, 393.600000, ZIC, 6093, 20, 304.650000, ZIP, 3728, 20, 186.400000, 
data/Q2/before_2, 000180, 302, 304, SHVR, 7927, 20, 396.350000, ZIC, 6137, 20, 306.850000, ZIP, 3728, 20, 186.400000, 
data/Q2/before_2, 000180, 303, 308, SHVR, 7990, 20, 399.500000, ZIC, 6211, 20, 310.550000, ZIP, 3728, 20, 186.400000, 
data/Q2/before_2, 000181, 302, 306, SHVR, 8034, 20, 401.700000, ZIC, 6211, 20, 310.550000, ZIP, 3767, 20, 188.350000, 
data/Q2/before_2, 000181, 301, 305, SHVR, 8034, 20, 401.700000, ZIC, 6211, 20, 310.550000, ZIP, 3920, 20, 196.000000, 
data/Q2/before_2, 000181, 301, 304, SHVR, 8166, 20, 408.300000, ZIC, 6211, 20, 310.550000, ZIP, 3920, 20, 196.000000, 
data/Q2/before_2, 000181, 300, 302, SHVR, 8245, 20, 412.250000, ZIC, 6211, 20, 310.550000, ZIP, 3927, 20, 196.350000, 
data/Q2/before_2, 000181, 300, 303, SHVR, 8328, 20, 416.400000, ZIC, 6234, 20, 311.700000, ZIP, 3927, 20, 196.350000, 
data/Q2/before_2, 000181, 300, 304, SHVR, 8342, 20, 417.100000, ZIC, 6281, 20, 314.050000, ZIP, 3927, 20, 196.350000, 
data/Q2/before_2, 000182, 301, 304, SHVR, 8444, 20, 422.200000, ZIC, 6281, 20, 314.050000, ZIP, 3927, 20, 196.350000, 
data/Q2/before_2, 000182, 302, 304, SHVR, 8501, 20, 425.050000, ZIC, 6281, 20, 314.050000, ZIP, 3927, 20, 196.350000, 
data/Q2/before_2, 000183, 302, 305, SHVR, 8501, 20, 425.050000, ZIC, 6317, 20, 315.850000, ZIP, 3935, 20, 196.750000, 
data/Q2/before_2, 000184, 302, 304, SHVR, 8528, 20, 426.400000, ZIC, 6387, 20, 319.350000, ZIP, 3935, 20, 196.750000, 
data/Q2/before_2, 000185, 302, 304, SHVR, 8528, 20, 426.400000, ZIC, 6480, 20, 324.000000, ZIP, 3949, 20, 197.450000, 
data/Q2/before_2, 000185, 302, 304, SHVR, 8528, 20, 426.400000, ZIC, 6536, 20, 326.800000, ZIP, 3950, 20, 197.500000, 
data/Q2/before_2, 000185, 302, 306, SHVR, 8528, 20, 426.400000, ZIC, 6585, 20, 329.250000, ZIP, 3975, 20, 198.750000, 
data/Q2/before_2, 000186, 302, 309, SHVR, 8528, 20, 426.400000, ZIC, 6585, 20, 329.250000, ZIP, 4030, 20, 201.500000, 
data/Q2/before_2, 000187, 302, 315, SHVR, 8528, 20, 426.400000, ZIC, 6617, 20, 330.850000, ZIP, 4030, 20, 201.500000, 
data/Q2/before_2, 000190, 303, 315, SHVR, 8528, 20, 426.400000, ZIC, 6641, 20, 332.050000, ZIP, 4046, 20, 202.300000, 
data/Q2/before_2, 000191, 303, 324, SHVR, 8528, 20, 426.400000, ZIC, 6702, 20, 335.100000, ZIP, 4046, 20, 202.300000, 
data/Q2/before_2, 000195, None, 337, SHVR, 8528, 20, 426.400000, ZIC, 6785, 20, 339.250000, ZIP, 4079, 20, 203.950000, 
data/Q2/before_2, 000195, 250, 287, SHVR, 8528, 20, 426.400000, ZIC, 6813, 20, 340.650000, ZIP, 4154, 20, 207.700000, 
data/Q2/before_2, 000195, 251, 287, SHVR, 8596, 20, 429.800000, ZIC, 6813, 20, 340.650000, ZIP, 4238, 20, 211.900000, 
data/Q2/before_2, 000195, 252, 269, SHVR, 8638, 20, 431.900000, ZIC, 6813, 20, 340.650000, ZIP, 4303, 20, 215.150000, 
data/Q2/before_2, 000196, 254, 268, SHVR, 8662, 20, 433.100000, ZIC, 6813, 20, 340.650000, ZIP, 4352, 20, 217.600000, 
data/Q2/before_2, 000196, 255, 268, SHVR, 8662, 20, 433.100000, ZIC, 6813, 20, 340.650000, ZIP, 4396, 20, 219.800000, 
data/Q2/before_2, 000196, 263, 266, SHVR, 8662, 20, 433.100000, ZIC, 6813, 20, 340.650000, ZIP, 4411, 20, 220.550000, 
data/Q2/before_2, 000196, 265, 266, SHVR, 8755, 20, 437.750000, ZIC, 6823, 20, 341.150000, ZIP, 4411, 20, 220.550000, 
data/Q2/before_2, 000196, 265, 267, SHVR, 8779, 20, 438.950000, ZIC, 6838, 20, 341.900000, ZIP, 4411, 20, 220.550000, 
data/Q2/before_2, 000196, 265, 274, SHVR, 8796, 20, 439.800000, ZIC, 6838, 20, 341.900000, ZIP, 4457, 20, 222.850000, 
data/Q2/before_2, 000197, 267, 277, SHVR, 8796, 20, 439.800000, ZIC, 6925, 20, 346.250000, ZIP, 4519, 20, 225.950000, 
data/Q2/before_2, 000197, 268, 274, SHVR, 8816, 20, 440.800000, ZIC, 6965, 20, 348.250000, ZIP, 4519, 20, 225.950000, 
data/Q2/before_2, 000197, 268, 277, SHVR, 8816, 20, 440.800000, ZIC, 7042, 20, 352.100000, ZIP, 4519, 20, 225.950000, 
data/Q2/before_2, 000198, 276, 287, SHVR, 8886, 20, 444.300000, ZIC, 7042, 20, 352.100000, ZIP, 4519, 20, 225.950000, 
data/Q2/before_2, 000199, 277, 295, SHVR, 8886, 20, 444.300000, ZIC, 7081, 20, 354.050000, ZIP, 4519, 20, 225.950000, 
data/Q2/before_2, 000199, 282, 305, SHVR, 8886, 20, 444.300000, ZIC, 7127, 20, 356.350000, ZIP, 4519, 20, 225.950000, 
data/Q2/before_2, 000201, 300, 303, SHVR, 8955, 20, 447.750000, ZIC, 7127, 20, 356.350000, ZIP, 4520, 20, 226.000000, 
data/Q2/before_2, 000202, 301, 305, SHVR, 8955, 20, 447.750000, ZIC, 7197, 20, 359.850000, ZIP, 4521, 20, 226.050000, 
data/Q2/before_2, 000202, 304, 320, SHVR, 9000, 20, 450.000000, ZIC, 7197, 20, 359.850000, ZIP, 4521, 20, 226.050000, 
data/Q2/before_2, 000206, 311, 326, SHVR, 9000, 20, 450.000000, ZIC, 7234, 20, 361.700000, ZIP, 4522, 20, 226.100000, 
data/Q2/before_2, 000210, 319, 426, SHVR, 9028, 20, 451.400000, ZIC, 7234, 20, 361.700000, ZIP, 4543, 20, 227.150000, 
data/Q2/before_2, 000210, 319, 426, SHVR, 9028, 20, 451.400000, ZIC, 7234, 20, 361.700000, ZIP, 4608, 20, 230.400000, 
data/Q2/before_2, 000210, 320, 374, SHVR, 9028, 20, 451.400000, ZIC, 7234, 20, 361.700000, ZIP, 4673, 20, 233.650000, 
data/Q2/before_2, 000211, 321, 323, SHVR, 9062, 20, 453.100000, ZIC, 7234, 20, 361.700000, ZIP, 4734, 20, 236.700000, 
data/Q2/before_2, 000211, 320, 322, SHVR, 9188, 20, 459.400000, ZIC, 7234, 20, 361.700000, ZIP, 4734, 20, 236.700000, 
data/Q2/before_2, 000211, 320, 322, SHVR, 9315, 20, 465.750000, ZIC, 7234, 20, 361.700000, ZIP, 4734, 20, 236.700000, 
data/Q2/before_2, 000211, 320, 321, SHVR, 9412, 20, 470.600000, ZIC, 7234, 20, 361.700000, ZIP, 4735, 20, 236.750000, 
data/Q2/before_2, 000212, 319, 321, SHVR, 9450, 20, 472.500000, ZIC, 7234, 20, 361.700000, ZIP, 4735, 20, 236.750000, 
data/Q2/before_2, 000212, 316, 321, SHVR, 9504, 20, 475.200000, ZIC, 7234, 20, 361.700000, ZIP, 4737, 20, 236.850000, 
data/Q2/before_2, 000213, 316, 318, SHVR, 9511, 20, 475.550000, ZIC, 7234, 20, 361.700000, ZIP, 4755, 20, 237.750000, 
data/Q2/before_2, 000213, 312, 318, SHVR, 9511, 20, 475.550000, ZIC, 7320, 20, 366.000000, ZIP, 4756, 20, 237.800000, 
data/Q2/before_2, 000213, 314, 320, SHVR, 9606, 20, 480.300000, ZIC, 7375, 20, 368.750000, ZIP, 4756, 20, 237.800000, 
data/Q2/before_2, 000213, 312, 319, SHVR, 9636, 20, 481.800000, ZIC, 7380, 20, 369.000000, ZIP, 4756, 20, 237.800000, 
data/Q2/before_2, 000214, 312, 319, SHVR, 9636, 20, 481.800000, ZIC, 7403, 20, 370.150000, ZIP, 4794, 20, 239.700000, 
data/Q2/before_2, 000214, 312, 319, SHVR, 9636, 20, 481.800000, ZIC, 7440, 20, 372.000000, ZIP, 4897, 20, 244.850000, 
data/Q2/before_2, 000215, 312, 320, SHVR, 9705, 20, 485.250000, ZIC, 7482, 20, 374.100000, ZIP, 4897, 20, 244.850000, 
data/Q2/before_2, 000215, 310, 320, SHVR, 9705, 20, 485.250000, ZIC, 7561, 20, 378.050000, ZIP, 4898, 20, 244.900000, 
data/Q2/before_2, 000216, 306, 319, SHVR, 9705, 20, 485.250000, ZIC, 7659, 20, 382.950000, ZIP, 4898, 20, 244.900000, 
data/Q2/before_2, 000217, 306, 320, SHVR, 9732, 20, 486.600000, ZIC, 7695, 20, 384.750000, ZIP, 4898, 20, 244.900000, 
data/Q2/before_2, 000218, 298, 320, SHVR, 9732, 20, 486.600000, ZIC, 7719, 20, 385.950000, ZIP, 4900, 20, 245.000000, 
data/Q2/before_2, 000218, 294, 320, SHVR, 9732, 20, 486.600000, ZIC, 7762, 20, 388.100000, ZIP, 4904, 20, 245.200000, 
data/Q2/before_2, 000225, None, 381, SHVR, 9732, 20, 486.600000, ZIC, 7825, 20, 391.250000, ZIP, 5002, 20, 250.100000, 
data/Q2/before_2, 000225, 309, 362, SHVR, 9770, 20, 488.500000, ZIC, 7825, 20, 391.250000, ZIP, 5018, 20, 250.900000, 
data/Q2/before_2, 000226, 309, 311, SHVR, 9826, 20, 491.300000, ZIC, 7825, 20, 391.250000, ZIP, 5018, 20, 250.900000, 
data/Q2/before_2, 000226, 308, 310, SHVR, 9896, 20, 494.800000, ZIC, 7825, 20, 391.250000, ZIP, 5021, 20, 251.050000, 
data/Q2/before_2, 000226, 308, 309, SHVR, 9980, 20, 499.000000, ZIC, 7825, 20, 391.250000, ZIP, 5044, 20, 252.200000, 
data/Q2/before_2, 000226, 306, 309, SHVR, 10019, 20, 500.950000, ZIC, 7825, 20, 391.250000, ZIP, 5044, 20, 252.200000, 
data/Q2/before_2, 000226, 301, 309, SHVR, 10019, 20, 500.950000, ZIC, 7876, 20, 393.800000, ZIP, 5055, 20, 252.750000, 
data/Q2/before_2, 000226, 305, 308, SHVR, 10161, 20, 508.050000, ZIC, 7876, 20, 393.800000, ZIP, 5055, 20, 252.750000, 
data/Q2/before_2, 000227, 305, 308, SHVR, 10180, 20, 509.000000, ZIC, 7912, 20, 395.600000, ZIP, 5055, 20, 252.750000, 
data/Q2/before_2, 000227, 305, 307, SHVR, 10237, 20, 511.850000, ZIC, 7912, 20, 395.600000, ZIP, 5069, 20, 253.450000, 
data/Q2/before_2, 000227, 304, 307, SHVR, 10278, 20, 513.900000, ZIC, 8005, 20, 400.250000, ZIP, 5069, 20, 253.450000, 
data/Q2/before_2, 000229, 303, 305, SHVR, 10278, 20, 513.900000, ZIC, 8073, 20, 403.650000, ZIP, 5102, 20, 255.100000, 
data/Q2/before_2, 000229, 304, 307, SHVR, 10316, 20, 515.800000, ZIC, 8073, 20, 403.650000, ZIP, 5102, 20, 255.100000, 
data/Q2/before_2, 000230, 303, 307, SHVR, 10439, 20, 521.950000, ZIC, 8073, 20, 403.650000, ZIP, 5102, 20, 255.100000, 
data/Q2/before_2, 000230, 303, 306, SHVR, 10439, 20, 521.950000, ZIC, 8146, 20, 407.300000, ZIP, 5119, 20, 255.950000, 
data/Q2/before_2, 000231, 303, 306, SHVR, 10439, 20, 521.950000, ZIC, 8203, 20, 410.150000, ZIP, 5155, 20, 257.750000, 
data/Q2/before_2, 000232, 302, 306, SHVR, 10439, 20, 521.950000, ZIC, 8226, 20, 411.300000, ZIP, 5220, 20, 261.000000, 
data/Q2/before_2, 000233, 302, 308, SHVR, 10439, 20, 521.950000, ZIC, 8271, 20, 413.550000, ZIP, 5250, 20, 262.500000, 
data/Q2/before_2, 000238, 301, 308, SHVR, 10439, 20, 521.950000, ZIC, 8291, 20, 414.550000, ZIP, 5297, 20, 264.850000, 
data/Q2/before_2, 000238, 301, 315, SHVR, 10439, 20, 521.950000, ZIC, 8321, 20, 416.050000, ZIP, 5299, 20, 264.950000, 
data/Q2/before_2, 000240, 303, 305, SHVR, 10499, 20, 524.950000, ZIC, 8321, 20, 416.050000, ZIP, 5307, 20, 265.350000, 
data/Q2/before_2, 000240, 299, 305, SHVR, 10499, 20, 524.950000, ZIC, 8395, 20, 419.750000, ZIP, 5324, 20, 266.200000, 
data/Q2/before_2, 000241, 302, 304, SHVR, 10580, 20, 529.000000, ZIC, 8446, 20, 422.300000, ZIP, 5324, 20, 266.200000, 
data/Q2/before_2, 000241, 302, 304, SHVR, 10637, 20, 531.850000, ZIC, 8446, 20, 422.300000, ZIP, 5324, 20, 266.200000, 
data/Q2/before_2, 000241, 303, 306, SHVR, 10693, 20, 534.650000, ZIC, 8482, 20, 424.100000, ZIP, 5324, 20, 266.200000, 
data/Q2/before_2, 000241, 304, 307, SHVR, 10693, 20, 534.650000, ZIC, 8526, 20, 426.300000, ZIP, 5333, 20, 266.650000, 
data/Q2/before_2, 000241, 303, 307, SHVR, 10700, 20, 535.000000, ZIC, 8577, 20, 428.850000, ZIP, 5333, 20, 266.650000, 
data/Q2/before_2, 000241, 300, 306, SHVR, 10780, 20, 539.000000, ZIC, 8577, 20, 428.850000, ZIP, 5333, 20, 266.650000, 
data/Q2/before_2, 000242, 303, 305, SHVR, 10916, 20, 545.800000, ZIC, 8577, 20, 428.850000, ZIP, 5333, 20, 266.650000, 
data/Q2/before_2, 000242, 303, 307, SHVR, 11038, 20, 551.900000, ZIC, 8577, 20, 428.850000, ZIP, 5333, 20, 266.650000, 
data/Q2/before_2, 000242, 303, 307, SHVR, 11038, 20, 551.900000, ZIC, 8647, 20, 432.350000, ZIP, 5334, 20, 266.700000, 
data/Q2/before_2, 000243, 303, 307, SHVR, 11065, 20, 553.250000, ZIC, 8647, 20, 432.350000, ZIP, 5374, 20, 268.700000, 
data/Q2/before_2, 000243, 303, 307, SHVR, 11065, 20, 553.250000, ZIC, 8700, 20, 435.000000, ZIP, 5376, 20, 268.800000, 
data/Q2/before_2, 000243, 303, 307, SHVR, 11065, 20, 553.250000, ZIC, 8769, 20, 438.450000, ZIP, 5407, 20, 270.350000, 
data/Q2/before_2, 000243, 303, 308, SHVR, 11065, 20, 553.250000, ZIC, 8799, 20, 439.950000, ZIP, 5443, 20, 272.150000, 
data/Q2/before_2, 000245, 302, 307, SHVR, 11126, 20, 556.300000, ZIC, 8897, 20, 444.850000, ZIP, 5443, 20, 272.150000, 
data/Q2/before_2, 000247, 304, 306, SHVR, 11139, 20, 556.950000, ZIC, 8897, 20, 444.850000, ZIP, 5507, 20, 275.350000, 
data/Q2/before_2, 000248, 301, 305, SHVR, 11139, 20, 556.950000, ZIC, 8916, 20, 445.800000, ZIP, 5524, 20, 276.200000, 
data/Q2/before_2, 000255, 307, 471, SHVR, 11159, 20, 557.950000, ZIC, 8916, 20, 445.800000, ZIP, 5568, 20, 278.400000, 
data/Q2/before_2, 000256, 305, 308, SHVR, 11163, 20, 558.150000, ZIC, 8916, 20, 445.800000, ZIP, 5568, 20, 278.400000, 
data/Q2/before_2, 000256, 305, 308, SHVR, 11203, 20, 560.150000, ZIC, 8969, 20, 448.450000, ZIP, 5568, 20, 278.400000, 
data/Q2/before_2, 000256, 304, 306, SHVR, 11278, 20, 563.900000, ZIC, 8969, 20, 448.450000, ZIP, 5568, 20, 278.400000, 
data/Q2/before_2, 000256, 299, 306, SHVR, 11278, 20, 563.900000, ZIC, 9130, 20, 456.500000, ZIP, 5568, 20, 278.400000, 
data/Q2/before_2, 000256, 301, 305, SHVR, 11337, 20, 566.850000, ZIC, 9170, 20, 458.500000, ZIP, 5568, 20, 278.400000, 
data/Q2/before_2, 000257, 302, 305, SHVR, 11403, 20, 570.150000, ZIC, 9170, 20, 458.500000, ZIP, 5573, 20, 278.650000, 
data/Q2/before_2, 000257, 302, 303, SHVR, 11477, 20, 573.850000, ZIC, 9170, 20, 458.500000, ZIP, 5577, 20, 278.850000, 
data/Q2/before_2, 000257, 302, 306, SHVR, 11531, 20, 576.550000, ZIC, 9170, 20, 458.500000, ZIP, 5607, 20, 280.350000, 
data/Q2/before_2, 000257, 302, 304, SHVR, 11652, 20, 582.600000, ZIC, 9170, 20, 458.500000, ZIP, 5607, 20, 280.350000, 
data/Q2/before_2, 000258, 303, 304, SHVR, 11704, 20, 585.200000, ZIC, 9170, 20, 458.500000, ZIP, 5670, 20, 283.500000, 
data/Q2/before_2, 000258, 302, 304, SHVR, 11748, 20, 587.400000, ZIC, 9237, 20, 461.850000, ZIP, 5670, 20, 283.500000, 
data/Q2/before_2, 000259, 303, 308, SHVR, 11748, 20, 587.400000, ZIC, 9286, 20, 464.300000, ZIP, 5761, 20, 288.050000, 
data/Q2/before_2, 000260, 302, 305, SHVR, 11807, 20, 590.350000, ZIC, 9286, 20, 464.300000, ZIP, 5788, 20, 289.400000, 
data/Q2/before_2, 000261, 300, 304, SHVR, 11807, 20, 590.350000, ZIC, 9331, 20, 466.550000, ZIP, 5809, 20, 290.450000, 
data/Q2/before_2, 000261, 300, 305, SHVR, 11807, 20, 590.350000, ZIC, 9363, 20, 468.150000, ZIP, 5834, 20, 291.700000, 
data/Q2/before_2, 000262, 300, 305, SHVR, 11807, 20, 590.350000, ZIC, 9385, 20, 469.250000, ZIP, 5835, 20, 291.750000, 
data/Q2/before_2, 000262, 300, 321, SHVR, 11824, 20, 591.200000, ZIC, 9435, 20, 471.750000, ZIP, 5835, 20, 291.750000, 
data/Q2/before_2, 000263, 300, 321, SHVR, 11824, 20, 591.200000, ZIC, 9450, 20, 472.500000, ZIP, 5871, 20, 293.550000, 
data/Q2/before_2, 000264, 299, 321, SHVR, 11824, 20, 591.200000, ZIC, 9518, 20, 475.900000, ZIP, 5885, 20, 294.250000, 
data/Q2/before_2, 000270, 301, 303, SHVR, 11867, 20, 593.350000, ZIC, 9518, 20, 475.900000, ZIP, 5885, 20, 294.250000, 
data/Q2/before_2, 000270, 301, 305, SHVR, 11867, 20, 593.350000, ZIC, 9518, 20, 475.900000, ZIP, 5945, 20, 297.250000, 
data/Q2/before_2, 000270, 306, 334, SHVR, 11917, 20, 595.850000, ZIC, 9592, 20, 479.600000, ZIP, 5945, 20, 297.250000, 
data/Q2/before_2, 000270, 307, 311, SHVR, 11981, 20, 599.050000, ZIC, 9592, 20, 479.600000, ZIP, 5968, 20, 298.400000, 
data/Q2/before_2, 000271, 307, 310, SHVR, 12017, 20, 600.850000, ZIC, 9592, 20, 479.600000, ZIP, 5968, 20, 298.400000, 
data/Q2/before_2, 000271, 308, 310, SHVR, 12136, 20, 606.800000, ZIC, 9592, 20, 479.600000, ZIP, 5968, 20, 298.400000, 
data/Q2/before_2, 000271, 307, 309, SHVR, 12216, 20, 610.800000, ZIC, 9592, 20, 479.600000, ZIP, 6027, 20, 301.350000, 
data/Q2/before_2, 000271, 307, 309, SHVR, 12236, 20, 611.800000, ZIC, 9592, 20, 479.600000, ZIP, 6056, 20, 302.800000, 
data/Q2/before_2, 000271, 305, 309, SHVR, 12278, 20, 613.900000, ZIC, 9664, 20, 483.200000, ZIP, 6056, 20, 302.800000, 
data/Q2/before_2, 000272, 305, 308, SHVR, 12342, 20, 617.100000, ZIC, 9664, 20, 483.200000, ZIP, 6070, 20, 303.500000, 
data/Q2/before_2, 000272, 305, 307, SHVR, 12403, 20, 620.150000, ZIC, 9664, 20, 483.200000, ZIP, 6074, 20, 303.700000, 
data/Q2/before_2, 000272, 305, 306, SHVR, 12418, 20, 620.900000, ZIC, 9664, 20, 483.200000, ZIP, 6083, 20, 304.150000, 
data/Q2/before_2, 000272, 305, 308, SHVR, 12418, 20, 620.900000, ZIC, 9664, 20, 483.200000, ZIP, 6102, 20, 305.100000, 
data/Q2/before_2, 000273, 305, 307, SHVR, 12439, 20, 621.950000, ZIC, 9757, 20, 487.850000, ZIP, 6102, 20, 305.100000, 
data/Q2/before_2, 000273, 304, 309, SHVR, 12523, 20, 626.150000, ZIC, 9807, 20, 490.350000, ZIP, 6102, 20, 305.100000, 
data/Q2/before_2, 000275, 304, 307, SHVR, 12523, 20, 626.150000, ZIC, 9879, 20, 493.950000, ZIP, 6133, 20, 306.650000, 
data/Q2/before_2, 000277, 303, 306, SHVR, 12523, 20, 626.150000, ZIC, 9879, 20, 493.950000, ZIP, 6166, 20, 308.300000, 
data/Q2/before_2, 000277, 303, 315, SHVR, 12523, 20, 626.150000, ZIC, 9909, 20, 495.450000, ZIP, 6255, 20, 312.750000, 
data/Q2/before_2, 000280, 302, 324, SHVR, 12523, 20, 626.150000, ZIC, 9953, 20, 497.650000, ZIP, 6255, 20, 312.750000, 
data/Q2/before_2, 000282, 293, 320, SHVR, 12523, 20, 626.150000, ZIC, 9999, 20, 499.950000, ZIP, 6256, 20, 312.800000, 
data/Q2/before_2, 000285, 1, 298, SHVR, 12534, 20, 626.700000, ZIC, 9999, 20, 499.950000, ZIP, 6279, 20, 313.950000, 
data/Q2/before_2, 000285, 1, 298, SHVR, 12534, 20, 626.700000, ZIC, 10037, 20, 501.850000, ZIP, 6298, 20, 314.900000, 
data/Q2/before_2, 000285, 1, 298, SHVR, 12534, 20, 626.700000, ZIC, 10037, 20, 501.850000, ZIP, 6419, 20, 320.950000, 
data/Q2/before_2, 000286, 294, 297, SHVR, 12562, 20, 628.100000, ZIC, 10037, 20, 501.850000, ZIP, 6427, 20, 321.350000, 
data/Q2/before_2, 000286, 294, 297, SHVR, 12595, 20, 629.750000, ZIC, 10103, 20, 505.150000, ZIP, 6427, 20, 321.350000, 
data/Q2/before_2, 000286, 292, 296, SHVR, 12595, 20, 629.750000, ZIC, 10103, 20, 505.150000, ZIP, 6484, 20, 324.200000, 
data/Q2/before_2, 000286, 294, 296, SHVR, 12657, 20, 632.850000, ZIC, 10103, 20, 505.150000, ZIP, 6484, 20, 324.200000, 
data/Q2/before_2, 000286, 294, 324, SHVR, 12700, 20, 635.000000, ZIC, 10103, 20, 505.150000, ZIP, 6502, 20, 325.100000, 
data/Q2/before_2, 000287, 296, 310, SHVR, 12700, 20, 635.000000, ZIC, 10195, 20, 509.750000, ZIP, 6509, 20, 325.450000, 
data/Q2/before_2, 000287, 294, 310, SHVR, 12761, 20, 638.050000, ZIC, 10211, 20, 510.550000, ZIP, 6509, 20, 325.450000, 
data/Q2/before_2, 000288, 303, 305, SHVR, 12801, 20, 640.050000, ZIC, 10211, 20, 510.550000, ZIP, 6516, 20, 325.800000, 
data/Q2/before_2, 000288, 301, 304, SHVR, 12863, 20, 643.150000, ZIC, 10211, 20, 510.550000, ZIP, 6544, 20, 327.200000, 
data/Q2/before_2, 000288, 300, 302, SHVR, 13015, 20, 650.750000, ZIC, 10211, 20, 510.550000, ZIP, 6544, 20, 327.200000, 
data/Q2/before_2, 000289, 300, 304, SHVR, 13089, 20, 654.450000, ZIC, 10211, 20, 510.550000, ZIP, 6576, 20, 328.800000, 
data/Q2/before_2, 000289, 300, 306, SHVR, 13102, 20, 655.100000, ZIC, 10231, 20, 511.550000, ZIP, 6576, 20, 328.800000, 
data/Q2/before_2, 000289, 300, 307, SHVR, 13102, 20, 655.100000, ZIC, 10287, 20, 514.350000, ZIP, 6576, 20, 328.800000, 
data/Q2/before_2, 000290, 302, 307, SHVR, 13102, 20, 655.100000, ZIC, 10355, 20, 517.750000, ZIP, 6642, 20, 332.100000, 
data/Q2/before_2, 000291, 302, 307, SHVR, 13164, 20, 658.200000, ZIC, 10386, 20, 519.300000, ZIP, 6642, 20, 332.100000, 
data/Q2/before_2, 000292, 303, 307, SHVR, 13164, 20, 658.200000, ZIC, 10452, 20, 522.600000, ZIP, 6675, 20, 333.750000, 
data/Q2/before_2, 000292, 303, 315, SHVR, 13164, 20, 658.200000, ZIC, 10485, 20, 524.250000, ZIP, 6675, 20, 333.750000, 
data/Q2/before_2, 000293, 303, 325, SHVR, 13164, 20, 658.200000, ZIC, 10523, 20, 526.150000, ZIP, 6675, 20, 333.750000, 
data/Q2/before_2, 000294, 305, 336, SHVR, 13164, 20, 658.200000, ZIC, 10554, 20, 527.700000, ZIP, 6675, 20, 333.750000, 
data/Q2/before_2, 000300, 312, 336, SHVR, 13164, 20, 658.200000, ZIC, 10554, 20, 527.700000, ZIP, 6675, 20, 333.750000, 
